City,Title,Type,Price,Surface,Location,URL,Image,Reference,Page,price_per_m2
Bizerte,Terrain habitation ind. en vente,,595000,540,Bizerte,https://www.tecnocasa.tn/vendre/terrain/bizerte/bizerte/47192.html,,,1,1101.851851851852
Bizerte,Terrain habitation ind. en vente,,144000,180,Bizerte,https://www.tecnocasa.tn/vendre/terrain/bizerte/bizerte/45894.html,,,1,800.0
Bizerte,Terrain habitation ind. en vente,,290000,414,Bizerte,https://www.tecnocasa.tn/vendre/terrain/bizerte/bizerte/47265.html,,,1,700.4830917874397
Bizerte,Terrain habitation ind. en vente,,562900,866,Bizerte,https://www.tecnocasa.tn/vendre/terrain/bizerte/bizerte/48189.html,,,1,650.0
Bizerte,Terrain habitation ind. en vente,,820400,2344,Bizerte,https://www.tecnocasa.tn/vendre/terrain/bizerte/bizerte/51581.html,,,1,350.0
Bizerte,Terrain agricole en vente,,80000,6025,Bizerte,https://www.tecnocasa.tn/vendre/terrain/bizerte/bizerte/50898.html,,,1,13.278008298755188
Bizerte,Terrain habitation ind. en vente,,720000,576,Bizerte,https://www.tecnocasa.tn/vendre/terrain/bizerte/bizerte/45665.html,,,1,1250.0
Bizerte,Terrain habitation ind. en vente,,595000,540,Bizerte,https://www.tecnocasa.tn/vendre/terrain/bizerte/bizerte/47192.html,,,2,1101.851851851852
Bizerte,Terrain habitation ind. en vente,,144000,180,Bizerte,https://www.tecnocasa.tn/vendre/terrain/bizerte/bizerte/45894.html,,,2,800.0
Bizerte,Terrain habitation ind. en vente,,290000,414,Bizerte,https://www.tecnocasa.tn/vendre/terrain/bizerte/bizerte/47265.html,,,2,700.4830917874397
Bizerte,Terrain habitation ind. en vente,,562900,866,Bizerte,https://www.tecnocasa.tn/vendre/terrain/bizerte/bizerte/48189.html,,,2,650.0
Bizerte,Terrain habitation ind. en vente,,820400,2344,Bizerte,https://www.tecnocasa.tn/vendre/terrain/bizerte/bizerte/51581.html,,,2,350.0
Bizerte,Terrain agricole en vente,,80000,6025,Bizerte,https://www.tecnocasa.tn/vendre/terrain/bizerte/bizerte/50898.html,,,2,13.278008298755188
Bizerte,Terrain habitation ind. en vente,,720000,576,Bizerte,https://www.tecnocasa.tn/vendre/terrain/bizerte/bizerte/45665.html,,,2,1250.0
Bizerte,Terrain habitation ind. en vente,,595000,540,Bizerte,https://www.tecnocasa.tn/vendre/terrain/bizerte/bizerte/47192.html,,,3,1101.851851851852
Bizerte,Terrain habitation ind. en vente,,144000,180,Bizerte,https://www.tecnocasa.tn/vendre/terrain/bizerte/bizerte/45894.html,,,3,800.0
Bizerte,Terrain habitation ind. en vente,,290000,414,Bizerte,https://www.tecnocasa.tn/vendre/terrain/bizerte/bizerte/47265.html,,,3,700.4830917874397
Bizerte,Terrain habitation ind. en vente,,562900,866,Bizerte,https://www.tecnocasa.tn/vendre/terrain/bizerte/bizerte/48189.html,,,3,650.0
Bizerte,Terrain habitation ind. en vente,,820400,2344,Bizerte,https://www.tecnocasa.tn/vendre/terrain/bizerte/bizerte/51581.html,,,3,350.0
Bizerte,Terrain agricole en vente,,80000,6025,Bizerte,https://www.tecnocasa.tn/vendre/terrain/bizerte/bizerte/50898.html,,,3,13.278008298755188
Bizerte,Terrain habitation ind. en vente,,720000,576,Bizerte,https://www.tecnocasa.tn/vendre/terrain/bizerte/bizerte/45665.html,,,3,1250.0
Bizerte,Terrain habitation ind. en vente,,595000,540,Bizerte,https://www.tecnocasa.tn/vendre/terrain/bizerte/bizerte/47192.html,,,4,1101.851851851852
Bizerte,Terrain habitation ind. en vente,,144000,180,Bizerte,https://www.tecnocasa.tn/vendre/terrain/bizerte/bizerte/45894.html,,,4,800.0
Bizerte,Terrain habitation ind. en vente,,290000,414,Bizerte,https://www.tecnocasa.tn/vendre/terrain/bizerte/bizerte/47265.html,,,4,700.4830917874397
Bizerte,Terrain habitation ind. en vente,,562900,866,Bizerte,https://www.tecnocasa.tn/vendre/terrain/bizerte/bizerte/48189.html,,,4,650.0
Bizerte,Terrain habitation ind. en vente,,820400,2344,Bizerte,https://www.tecnocasa.tn/vendre/terrain/bizerte/bizerte/51581.html,,,4,350.0
Bizerte,Terrain agricole en vente,,80000,6025,Bizerte,https://www.tecnocasa.tn/vendre/terrain/bizerte/bizerte/50898.html,,,4,13.278008298755188
Bizerte,Terrain habitation ind. en vente,,720000,576,Bizerte,https://www.tecnocasa.tn/vendre/terrain/bizerte/bizerte/45665.html,,,4,1250.0
Bizerte,Terrain habitation ind. en vente,,595000,540,Bizerte,https://www.tecnocasa.tn/vendre/terrain/bizerte/bizerte/47192.html,,,5,1101.851851851852
Bizerte,Terrain habitation ind. en vente,,144000,180,Bizerte,https://www.tecnocasa.tn/vendre/terrain/bizerte/bizerte/45894.html,,,5,800.0
Bizerte,Terrain habitation ind. en vente,,290000,414,Bizerte,https://www.tecnocasa.tn/vendre/terrain/bizerte/bizerte/47265.html,,,5,700.4830917874397
Bizerte,Terrain habitation ind. en vente,,562900,866,Bizerte,https://www.tecnocasa.tn/vendre/terrain/bizerte/bizerte/48189.html,,,5,650.0
Bizerte,Terrain habitation ind. en vente,,820400,2344,Bizerte,https://www.tecnocasa.tn/vendre/terrain/bizerte/bizerte/51581.html,,,5,350.0
Bizerte,Terrain agricole en vente,,80000,6025,Bizerte,https://www.tecnocasa.tn/vendre/terrain/bizerte/bizerte/50898.html,,,5,13.278008298755188
Bizerte,Terrain habitation ind. en vente,,720000,576,Bizerte,https://www.tecnocasa.tn/vendre/terrain/bizerte/bizerte/45665.html,,,5,1250.0
Bizerte,Terrain habitation ind. en vente,,595000,540,Bizerte,https://www.tecnocasa.tn/vendre/terrain/bizerte/bizerte/47192.html,,,6,1101.851851851852
Bizerte,Terrain habitation ind. en vente,,144000,180,Bizerte,https://www.tecnocasa.tn/vendre/terrain/bizerte/bizerte/45894.html,,,6,800.0
Bizerte,Terrain habitation ind. en vente,,290000,414,Bizerte,https://www.tecnocasa.tn/vendre/terrain/bizerte/bizerte/47265.html,,,6,700.4830917874397
Bizerte,Terrain habitation ind. en vente,,562900,866,Bizerte,https://www.tecnocasa.tn/vendre/terrain/bizerte/bizerte/48189.html,,,6,650.0
Bizerte,Terrain habitation ind. en vente,,820400,2344,Bizerte,https://www.tecnocasa.tn/vendre/terrain/bizerte/bizerte/51581.html,,,6,350.0
Bizerte,Terrain agricole en vente,,80000,6025,Bizerte,https://www.tecnocasa.tn/vendre/terrain/bizerte/bizerte/50898.html,,,6,13.278008298755188
Bizerte,Terrain habitation ind. en vente,,720000,576,Bizerte,https://www.tecnocasa.tn/vendre/terrain/bizerte/bizerte/45665.html,,,6,1250.0
Bizerte,Terrain habitation ind. en vente,,595000,540,Bizerte,https://www.tecnocasa.tn/vendre/terrain/bizerte/bizerte/47192.html,,,7,1101.851851851852
Bizerte,Terrain habitation ind. en vente,,144000,180,Bizerte,https://www.tecnocasa.tn/vendre/terrain/bizerte/bizerte/45894.html,,,7,800.0
Bizerte,Terrain habitation ind. en vente,,290000,414,Bizerte,https://www.tecnocasa.tn/vendre/terrain/bizerte/bizerte/47265.html,,,7,700.4830917874397
Bizerte,Terrain habitation ind. en vente,,562900,866,Bizerte,https://www.tecnocasa.tn/vendre/terrain/bizerte/bizerte/48189.html,,,7,650.0
Bizerte,Terrain habitation ind. en vente,,820400,2344,Bizerte,https://www.tecnocasa.tn/vendre/terrain/bizerte/bizerte/51581.html,,,7,350.0
Bizerte,Terrain agricole en vente,,80000,6025,Bizerte,https://www.tecnocasa.tn/vendre/terrain/bizerte/bizerte/50898.html,,,7,13.278008298755188
Bizerte,Terrain habitation ind. en vente,,720000,576,Bizerte,https://www.tecnocasa.tn/vendre/terrain/bizerte/bizerte/45665.html,,,7,1250.0
Bizerte,Terrain habitation ind. en vente,,595000,540,Bizerte,https://www.tecnocasa.tn/vendre/terrain/bizerte/bizerte/47192.html,,,8,1101.851851851852
Bizerte,Terrain habitation ind. en vente,,144000,180,Bizerte,https://www.tecnocasa.tn/vendre/terrain/bizerte/bizerte/45894.html,,,8,800.0
Bizerte,Terrain habitation ind. en vente,,290000,414,Bizerte,https://www.tecnocasa.tn/vendre/terrain/bizerte/bizerte/47265.html,,,8,700.4830917874397
Bizerte,Terrain habitation ind. en vente,,562900,866,Bizerte,https://www.tecnocasa.tn/vendre/terrain/bizerte/bizerte/48189.html,,,8,650.0
Bizerte,Terrain habitation ind. en vente,,820400,2344,Bizerte,https://www.tecnocasa.tn/vendre/terrain/bizerte/bizerte/51581.html,,,8,350.0
Bizerte,Terrain agricole en vente,,80000,6025,Bizerte,https://www.tecnocasa.tn/vendre/terrain/bizerte/bizerte/50898.html,,,8,13.278008298755188
Bizerte,Terrain habitation ind. en vente,,720000,576,Bizerte,https://www.tecnocasa.tn/vendre/terrain/bizerte/bizerte/45665.html,,,8,1250.0
Bizerte,Terrain habitation ind. en vente,,595000,540,Bizerte,https://www.tecnocasa.tn/vendre/terrain/bizerte/bizerte/47192.html,,,9,1101.851851851852
Bizerte,Terrain habitation ind. en vente,,144000,180,Bizerte,https://www.tecnocasa.tn/vendre/terrain/bizerte/bizerte/45894.html,,,9,800.0
Bizerte,Terrain habitation ind. en vente,,290000,414,Bizerte,https://www.tecnocasa.tn/vendre/terrain/bizerte/bizerte/47265.html,,,9,700.4830917874397
Bizerte,Terrain habitation ind. en vente,,562900,866,Bizerte,https://www.tecnocasa.tn/vendre/terrain/bizerte/bizerte/48189.html,,,9,650.0
Bizerte,Terrain habitation ind. en vente,,820400,2344,Bizerte,https://www.tecnocasa.tn/vendre/terrain/bizerte/bizerte/51581.html,,,9,350.0
Bizerte,Terrain agricole en vente,,80000,6025,Bizerte,https://www.tecnocasa.tn/vendre/terrain/bizerte/bizerte/50898.html,,,9,13.278008298755188
Bizerte,Terrain habitation ind. en vente,,720000,576,Bizerte,https://www.tecnocasa.tn/vendre/terrain/bizerte/bizerte/45665.html,,,9,1250.0
Bizerte,Terrain habitation ind. en vente,,595000,540,Bizerte,https://www.tecnocasa.tn/vendre/terrain/bizerte/bizerte/47192.html,,,10,1101.851851851852
Bizerte,Terrain habitation ind. en vente,,144000,180,Bizerte,https://www.tecnocasa.tn/vendre/terrain/bizerte/bizerte/45894.html,,,10,800.0
Bizerte,Terrain habitation ind. en vente,,290000,414,Bizerte,https://www.tecnocasa.tn/vendre/terrain/bizerte/bizerte/47265.html,,,10,700.4830917874397
Bizerte,Terrain habitation ind. en vente,,562900,866,Bizerte,https://www.tecnocasa.tn/vendre/terrain/bizerte/bizerte/48189.html,,,10,650.0
Bizerte,Terrain habitation ind. en vente,,820400,2344,Bizerte,https://www.tecnocasa.tn/vendre/terrain/bizerte/bizerte/51581.html,,,10,350.0
Bizerte,Terrain agricole en vente,,80000,6025,Bizerte,https://www.tecnocasa.tn/vendre/terrain/bizerte/bizerte/50898.html,,,10,13.278008298755188
Bizerte,Terrain habitation ind. en vente,,720000,576,Bizerte,https://www.tecnocasa.tn/vendre/terrain/bizerte/bizerte/45665.html,,,10,1250.0
Bizerte,Terrain habitation ind. en vente,,595000,540,Bizerte,https://www.tecnocasa.tn/vendre/terrain/bizerte/bizerte/47192.html,,,11,1101.851851851852
Bizerte,Terrain habitation ind. en vente,,144000,180,Bizerte,https://www.tecnocasa.tn/vendre/terrain/bizerte/bizerte/45894.html,,,11,800.0
Bizerte,Terrain habitation ind. en vente,,290000,414,Bizerte,https://www.tecnocasa.tn/vendre/terrain/bizerte/bizerte/47265.html,,,11,700.4830917874397
Bizerte,Terrain habitation ind. en vente,,562900,866,Bizerte,https://www.tecnocasa.tn/vendre/terrain/bizerte/bizerte/48189.html,,,11,650.0
Bizerte,Terrain habitation ind. en vente,,820400,2344,Bizerte,https://www.tecnocasa.tn/vendre/terrain/bizerte/bizerte/51581.html,,,11,350.0
Bizerte,Terrain agricole en vente,,80000,6025,Bizerte,https://www.tecnocasa.tn/vendre/terrain/bizerte/bizerte/50898.html,,,11,13.278008298755188
Bizerte,Terrain habitation ind. en vente,,720000,576,Bizerte,https://www.tecnocasa.tn/vendre/terrain/bizerte/bizerte/45665.html,,,11,1250.0
Bizerte,Terrain habitation ind. en vente,,595000,540,Bizerte,https://www.tecnocasa.tn/vendre/terrain/bizerte/bizerte/47192.html,,,12,1101.851851851852
Bizerte,Terrain habitation ind. en vente,,144000,180,Bizerte,https://www.tecnocasa.tn/vendre/terrain/bizerte/bizerte/45894.html,,,12,800.0
Bizerte,Terrain habitation ind. en vente,,290000,414,Bizerte,https://www.tecnocasa.tn/vendre/terrain/bizerte/bizerte/47265.html,,,12,700.4830917874397
Bizerte,Terrain habitation ind. en vente,,562900,866,Bizerte,https://www.tecnocasa.tn/vendre/terrain/bizerte/bizerte/48189.html,,,12,650.0
Bizerte,Terrain habitation ind. en vente,,820400,2344,Bizerte,https://www.tecnocasa.tn/vendre/terrain/bizerte/bizerte/51581.html,,,12,350.0
Bizerte,Terrain agricole en vente,,80000,6025,Bizerte,https://www.tecnocasa.tn/vendre/terrain/bizerte/bizerte/50898.html,,,12,13.278008298755188
Bizerte,Terrain habitation ind. en vente,,720000,576,Bizerte,https://www.tecnocasa.tn/vendre/terrain/bizerte/bizerte/45665.html,,,12,1250.0
Bizerte,Terrain habitation ind. en vente,,595000,540,Bizerte,https://www.tecnocasa.tn/vendre/terrain/bizerte/bizerte/47192.html,,,13,1101.851851851852
Bizerte,Terrain habitation ind. en vente,,144000,180,Bizerte,https://www.tecnocasa.tn/vendre/terrain/bizerte/bizerte/45894.html,,,13,800.0
Bizerte,Terrain habitation ind. en vente,,290000,414,Bizerte,https://www.tecnocasa.tn/vendre/terrain/bizerte/bizerte/47265.html,,,13,700.4830917874397
Bizerte,Terrain habitation ind. en vente,,562900,866,Bizerte,https://www.tecnocasa.tn/vendre/terrain/bizerte/bizerte/48189.html,,,13,650.0
Bizerte,Terrain habitation ind. en vente,,820400,2344,Bizerte,https://www.tecnocasa.tn/vendre/terrain/bizerte/bizerte/51581.html,,,13,350.0
Bizerte,Terrain agricole en vente,,80000,6025,Bizerte,https://www.tecnocasa.tn/vendre/terrain/bizerte/bizerte/50898.html,,,13,13.278008298755188
Bizerte,Terrain habitation ind. en vente,,720000,576,Bizerte,https://www.tecnocasa.tn/vendre/terrain/bizerte/bizerte/45665.html,,,13,1250.0
Bizerte,Terrain habitation ind. en vente,,595000,540,Bizerte,https://www.tecnocasa.tn/vendre/terrain/bizerte/bizerte/47192.html,,,14,1101.851851851852
Bizerte,Terrain habitation ind. en vente,,144000,180,Bizerte,https://www.tecnocasa.tn/vendre/terrain/bizerte/bizerte/45894.html,,,14,800.0
Bizerte,Terrain habitation ind. en vente,,290000,414,Bizerte,https://www.tecnocasa.tn/vendre/terrain/bizerte/bizerte/47265.html,,,14,700.4830917874397
Bizerte,Terrain habitation ind. en vente,,562900,866,Bizerte,https://www.tecnocasa.tn/vendre/terrain/bizerte/bizerte/48189.html,,,14,650.0
Bizerte,Terrain habitation ind. en vente,,820400,2344,Bizerte,https://www.tecnocasa.tn/vendre/terrain/bizerte/bizerte/51581.html,,,14,350.0
Bizerte,Terrain agricole en vente,,80000,6025,Bizerte,https://www.tecnocasa.tn/vendre/terrain/bizerte/bizerte/50898.html,,,14,13.278008298755188
Bizerte,Terrain habitation ind. en vente,,720000,576,Bizerte,https://www.tecnocasa.tn/vendre/terrain/bizerte/bizerte/45665.html,,,14,1250.0
Bizerte,Terrain habitation ind. en vente,,595000,540,Bizerte,https://www.tecnocasa.tn/vendre/terrain/bizerte/bizerte/47192.html,,,15,1101.851851851852
Bizerte,Terrain habitation ind. en vente,,144000,180,Bizerte,https://www.tecnocasa.tn/vendre/terrain/bizerte/bizerte/45894.html,,,15,800.0
Bizerte,Terrain habitation ind. en vente,,290000,414,Bizerte,https://www.tecnocasa.tn/vendre/terrain/bizerte/bizerte/47265.html,,,15,700.4830917874397
Bizerte,Terrain habitation ind. en vente,,562900,866,Bizerte,https://www.tecnocasa.tn/vendre/terrain/bizerte/bizerte/48189.html,,,15,650.0
Bizerte,Terrain habitation ind. en vente,,820400,2344,Bizerte,https://www.tecnocasa.tn/vendre/terrain/bizerte/bizerte/51581.html,,,15,350.0
Bizerte,Terrain agricole en vente,,80000,6025,Bizerte,https://www.tecnocasa.tn/vendre/terrain/bizerte/bizerte/50898.html,,,15,13.278008298755188
Bizerte,Terrain habitation ind. en vente,,720000,576,Bizerte,https://www.tecnocasa.tn/vendre/terrain/bizerte/bizerte/45665.html,,,15,1250.0
Bizerte,Terrain habitation ind. en vente,,595000,540,Bizerte,https://www.tecnocasa.tn/vendre/terrain/bizerte/bizerte/47192.html,,,16,1101.851851851852
Bizerte,Terrain habitation ind. en vente,,144000,180,Bizerte,https://www.tecnocasa.tn/vendre/terrain/bizerte/bizerte/45894.html,,,16,800.0
Bizerte,Terrain habitation ind. en vente,,290000,414,Bizerte,https://www.tecnocasa.tn/vendre/terrain/bizerte/bizerte/47265.html,,,16,700.4830917874397
Bizerte,Terrain habitation ind. en vente,,562900,866,Bizerte,https://www.tecnocasa.tn/vendre/terrain/bizerte/bizerte/48189.html,,,16,650.0
Bizerte,Terrain habitation ind. en vente,,820400,2344,Bizerte,https://www.tecnocasa.tn/vendre/terrain/bizerte/bizerte/51581.html,,,16,350.0
Bizerte,Terrain agricole en vente,,80000,6025,Bizerte,https://www.tecnocasa.tn/vendre/terrain/bizerte/bizerte/50898.html,,,16,13.278008298755188
Bizerte,Terrain habitation ind. en vente,,720000,576,Bizerte,https://www.tecnocasa.tn/vendre/terrain/bizerte/bizerte/45665.html,,,16,1250.0
Bizerte,Terrain habitation ind. en vente,,595000,540,Bizerte,https://www.tecnocasa.tn/vendre/terrain/bizerte/bizerte/47192.html,,,17,1101.851851851852
Bizerte,Terrain habitation ind. en vente,,144000,180,Bizerte,https://www.tecnocasa.tn/vendre/terrain/bizerte/bizerte/45894.html,,,17,800.0
Bizerte,Terrain habitation ind. en vente,,290000,414,Bizerte,https://www.tecnocasa.tn/vendre/terrain/bizerte/bizerte/47265.html,,,17,700.4830917874397
Bizerte,Terrain habitation ind. en vente,,562900,866,Bizerte,https://www.tecnocasa.tn/vendre/terrain/bizerte/bizerte/48189.html,,,17,650.0
Bizerte,Terrain habitation ind. en vente,,820400,2344,Bizerte,https://www.tecnocasa.tn/vendre/terrain/bizerte/bizerte/51581.html,,,17,350.0
Bizerte,Terrain agricole en vente,,80000,6025,Bizerte,https://www.tecnocasa.tn/vendre/terrain/bizerte/bizerte/50898.html,,,17,13.278008298755188
Bizerte,Terrain habitation ind. en vente,,720000,576,Bizerte,https://www.tecnocasa.tn/vendre/terrain/bizerte/bizerte/45665.html,,,17,1250.0
Bizerte,Terrain habitation ind. en vente,,595000,540,Bizerte,https://www.tecnocasa.tn/vendre/terrain/bizerte/bizerte/47192.html,,,18,1101.851851851852
Bizerte,Terrain habitation ind. en vente,,144000,180,Bizerte,https://www.tecnocasa.tn/vendre/terrain/bizerte/bizerte/45894.html,,,18,800.0
Bizerte,Terrain habitation ind. en vente,,290000,414,Bizerte,https://www.tecnocasa.tn/vendre/terrain/bizerte/bizerte/47265.html,,,18,700.4830917874397
Bizerte,Terrain habitation ind. en vente,,562900,866,Bizerte,https://www.tecnocasa.tn/vendre/terrain/bizerte/bizerte/48189.html,,,18,650.0
Bizerte,Terrain habitation ind. en vente,,820400,2344,Bizerte,https://www.tecnocasa.tn/vendre/terrain/bizerte/bizerte/51581.html,,,18,350.0
Bizerte,Terrain agricole en vente,,80000,6025,Bizerte,https://www.tecnocasa.tn/vendre/terrain/bizerte/bizerte/50898.html,,,18,13.278008298755188
Bizerte,Terrain habitation ind. en vente,,720000,576,Bizerte,https://www.tecnocasa.tn/vendre/terrain/bizerte/bizerte/45665.html,,,18,1250.0
Bizerte,Terrain habitation ind. en vente,,595000,540,Bizerte,https://www.tecnocasa.tn/vendre/terrain/bizerte/bizerte/47192.html,,,19,1101.851851851852
Bizerte,Terrain habitation ind. en vente,,144000,180,Bizerte,https://www.tecnocasa.tn/vendre/terrain/bizerte/bizerte/45894.html,,,19,800.0
Bizerte,Terrain habitation ind. en vente,,290000,414,Bizerte,https://www.tecnocasa.tn/vendre/terrain/bizerte/bizerte/47265.html,,,19,700.4830917874397
Bizerte,Terrain habitation ind. en vente,,562900,866,Bizerte,https://www.tecnocasa.tn/vendre/terrain/bizerte/bizerte/48189.html,,,19,650.0
Bizerte,Terrain habitation ind. en vente,,820400,2344,Bizerte,https://www.tecnocasa.tn/vendre/terrain/bizerte/bizerte/51581.html,,,19,350.0
Bizerte,Terrain agricole en vente,,80000,6025,Bizerte,https://www.tecnocasa.tn/vendre/terrain/bizerte/bizerte/50898.html,,,19,13.278008298755188
Bizerte,Terrain habitation ind. en vente,,720000,576,Bizerte,https://www.tecnocasa.tn/vendre/terrain/bizerte/bizerte/45665.html,,,19,1250.0
Bizerte,Terrain habitation ind. en vente,,595000,540,Bizerte,https://www.tecnocasa.tn/vendre/terrain/bizerte/bizerte/47192.html,,,20,1101.851851851852
Bizerte,Terrain habitation ind. en vente,,144000,180,Bizerte,https://www.tecnocasa.tn/vendre/terrain/bizerte/bizerte/45894.html,,,20,800.0
Bizerte,Terrain habitation ind. en vente,,290000,414,Bizerte,https://www.tecnocasa.tn/vendre/terrain/bizerte/bizerte/47265.html,,,20,700.4830917874397
Bizerte,Terrain habitation ind. en vente,,562900,866,Bizerte,https://www.tecnocasa.tn/vendre/terrain/bizerte/bizerte/48189.html,,,20,650.0
Bizerte,Terrain habitation ind. en vente,,820400,2344,Bizerte,https://www.tecnocasa.tn/vendre/terrain/bizerte/bizerte/51581.html,,,20,350.0
Bizerte,Terrain agricole en vente,,80000,6025,Bizerte,https://www.tecnocasa.tn/vendre/terrain/bizerte/bizerte/50898.html,,,20,13.278008298755188
Bizerte,Terrain habitation ind. en vente,,720000,576,Bizerte,https://www.tecnocasa.tn/vendre/terrain/bizerte/bizerte/45665.html,,,20,1250.0
