extraction_date,source,extraction_method,city,property_type,city_name,property_type_name,active_status,id,title,subtitle,url,price_text,previous_price_text,surface_text,discount_text,is_discounted,exclusive,best_offer,country,ad_type,price,previous_price,surface,discount,agency_id,agency_name,images_count,main_image,property_id,location,_id,_rev,updated_date,created_date,price_history,rooms
2025-06-30T14:35:38.629232,tecnocasa.tn,json,sousse,terrain,Sousse,Terrain,active,45233,Terrain habitation ind. en vente,"M'Saken, terrain rue krousseya",https://www.tecnocasa.tn/vendre/terrain/sousse/m-saken/45233.html,167 000 DT,160 000 DT,372 m²,-7 000 DT,False,False,False,tn,estate,167000.0,160000.0,372.0,7000.0,ssca7,,1,https://cdn-media.medialabtc.it/tn/agencies/ssca7/estates/45233/images/203531/card.jpeg,aacecb6f876139f2,"M'Saken, terrain rue krousseya",aacecb6f876139f2,2-75856060d755f7b6a38d071fa188748a,2025-06-30T14:36:01.162709,2025-06-30T14:35:11.122981,"[{'price': 167000, 'date': '2025-06-30T14:35:11.122989'}]",
2025-06-30T14:35:38.629588,tecnocasa.tn,json,sousse,terrain,Sousse,Terrain,active,55848,Terrain habitation ind. en vente,Kalâa Seghira - El Kaala Essagira,https://www.tecnocasa.tn/vendre/terrain/sousse/kalaa-seghira/55848.html,160 000 DT,,255 m²,,False,False,False,tn,estate,160000.0,,255.0,,sscb1,,1,https://cdn-media.medialabtc.it/tn/agencies/sscb1/estates/55848/images/296063/card.jpeg,f0521f74f18112c9,Kalâa Seghira - El Kaala Essagira,f0521f74f18112c9,2-283722c44f46e5b44a5f83ba5e9f6167,2025-06-30T14:36:01.169386,2025-06-30T14:35:11.129651,"[{'price': 160000, 'date': '2025-06-30T14:35:11.129661'}]",
2025-06-30T14:35:38.629626,tecnocasa.tn,json,sousse,terrain,Sousse,Terrain,active,55563,Terrain habitation ind. en vente,"Sousse Centre Ville, Hamed ghazeli - Bouhsina",https://www.tecnocasa.tn/vendre/terrain/sousse/sousse-centre-ville/55563.html,250 000 DT,,391 m²,,False,False,False,tn,estate,250000.0,,391.0,,ssca3,,1,https://cdn-media.medialabtc.it/tn/agencies/ssca3/estates/55563/images/295909/card.jpeg,d73d6d0e1ad8ad0b,"Sousse Centre Ville, Hamed ghazeli - Bouhsina",d73d6d0e1ad8ad0b,2-538e07021af9cad0cac34c5c6d5a62da,2025-06-30T14:36:01.175442,2025-06-30T14:35:11.134543,"[{'price': 250000, 'date': '2025-06-30T14:35:11.134551'}]",
2025-06-30T14:35:38.629647,tecnocasa.tn,json,sousse,terrain,Sousse,Terrain,active,55683,Terrain habitation ind. en vente,"Sousse Centre Ville, Hamed el ghazeli - Bouhsina",https://www.tecnocasa.tn/vendre/terrain/sousse/sousse-centre-ville/55683.html,138 000 DT,,212 m²,,False,False,False,tn,estate,138000.0,,212.0,,ssca3,,1,https://cdn-media.medialabtc.it/tn/agencies/ssca3/estates/55683/images/295951/card.jpeg,9e73985303b67bcb,"Sousse Centre Ville, Hamed el ghazeli - Bouhsina",9e73985303b67bcb,2-50dfdefdfddf78f7ba815e0bb3be8fae,2025-06-30T14:36:01.185799,2025-06-30T14:35:11.139245,"[{'price': 138000, 'date': '2025-06-30T14:35:11.139253'}]",
2025-06-30T14:35:38.629665,tecnocasa.tn,json,sousse,terrain,Sousse,Terrain,active,55686,Terrain habitation ind. en vente,"Sousse Centre Ville, Hamed El Ghazeli - Bouhsina",https://www.tecnocasa.tn/vendre/terrain/sousse/sousse-centre-ville/55686.html,196 000 DT,,262 m²,,False,False,False,tn,estate,196000.0,,262.0,,ssca3,,1,https://cdn-media.medialabtc.it/tn/agencies/ssca3/estates/55686/images/295950/card.jpeg,86f596c23dde192f,"Sousse Centre Ville, Hamed El Ghazeli - Bouhsina",86f596c23dde192f,2-03821c8a098fa9868d2ffb2b6ec52f16,2025-06-30T14:36:01.190967,2025-06-30T14:35:11.144364,"[{'price': 196000, 'date': '2025-06-30T14:35:11.144374'}]",
2025-06-30T14:35:38.629680,tecnocasa.tn,json,sousse,terrain,Sousse,Terrain,active,55822,Terrain habitation ind. en vente,"Sousse Centre Ville, Boukhzar sousse - Bouhsina",https://www.tecnocasa.tn/vendre/terrain/sousse/sousse-centre-ville/55822.html,185 000 DT,,320 m²,,False,False,False,tn,estate,185000.0,,320.0,,ssca3,,1,https://cdn-media.medialabtc.it/tn/agencies/ssca3/estates/55822/images/295745/card.jpeg,8f206307e2deb701,"Sousse Centre Ville, Boukhzar sousse - Bouhsina",8f206307e2deb701,2-be5fc183761eca1abec526892e258c19,2025-06-30T14:36:01.196952,2025-06-30T14:35:11.149334,"[{'price': 185000, 'date': '2025-06-30T14:35:11.149341'}]",
2025-06-30T14:35:38.629694,tecnocasa.tn,json,sousse,terrain,Sousse,Terrain,active,53008,Terrain habitation ind. en vente,"Hammam Sousse, Rue Azzaourek",https://www.tecnocasa.tn/vendre/terrain/sousse/hammam-sousse/53008.html,1 116 000 DT,,744 m²,,False,False,False,tn,estate,1116000.0,,744.0,,sscb3,,1,https://cdn-media.medialabtc.it/tn/agencies/sscb3/estates/53008/images/269450/card.jpeg,8d297d7961ffa600,"Hammam Sousse, Rue Azzaourek",8d297d7961ffa600,2-2f98778966204a2b74108051e1dc053b,2025-06-30T14:36:01.204117,2025-06-30T14:35:11.155276,"[{'price': 1116000, 'date': '2025-06-30T14:35:11.155286'}]",
2025-06-30T14:35:38.629708,tecnocasa.tn,json,sousse,terrain,Sousse,Terrain,active,43392,Terrain habitation ind. en vente,"Sousse Centre Ville, Cité olympique - Bouhsina",https://www.tecnocasa.tn/vendre/terrain/sousse/sousse-centre-ville/43392.html,310 000 DT,321 000 DT,459 m²,11 000 DT,False,False,False,tn,estate,310000.0,321000.0,459.0,11000.0,ssca3,,1,https://cdn-media.medialabtc.it/tn/agencies/ssca3/estates/43392/images/295282/card.jpeg,474dc6172c304070,"Sousse Centre Ville, Cité olympique - Bouhsina",474dc6172c304070,2-aea329ebc1072677bd6ce4b2d78183d7,2025-06-30T14:36:01.209170,2025-06-30T14:35:11.160711,"[{'price': 310000, 'date': '2025-06-30T14:35:11.160722'}]",
2025-06-30T14:35:38.629727,tecnocasa.tn,json,sousse,terrain,Sousse,Terrain,active,55397,Terrain habitation ind. en vente,"Sousse Centre Ville, Cité olympique - Bouhsina",https://www.tecnocasa.tn/vendre/terrain/sousse/sousse-centre-ville/55397.html,237 000 DT,,304 m²,,False,False,False,tn,estate,237000.0,,304.0,,ssca3,,1,https://cdn-media.medialabtc.it/tn/agencies/ssca3/estates/55397/images/295263/card.jpeg,5d16c3239cccc105,"Sousse Centre Ville, Cité olympique - Bouhsina",5d16c3239cccc105,2-e237ab27753434f672e6d0aa5afc3c53,2025-06-30T14:36:01.214725,2025-06-30T14:35:11.165523,"[{'price': 237000, 'date': '2025-06-30T14:35:11.165530'}]",
2025-06-30T14:35:38.629742,tecnocasa.tn,json,sousse,terrain,Sousse,Terrain,active,48067,Terrain habitation ind. en vente,"Sousse Centre Ville, Rue Farabi - Bouhsina",https://www.tecnocasa.tn/vendre/terrain/sousse/sousse-centre-ville/48067.html,247 000 DT,265 000 DT,353 m²,18 000 DT,True,False,False,tn,estate,247000.0,265000.0,353.0,18000.0,ssca3,,1,https://cdn-media.medialabtc.it/tn/agencies/ssca3/estates/48067/images/243452/card.jpeg,02d2c6b45e40045c,"Sousse Centre Ville, Rue Farabi - Bouhsina",02d2c6b45e40045c,2-033c25410be19cd69eaf34c2920b5639,2025-06-30T14:36:01.221023,2025-06-30T14:35:11.170535,"[{'price': 247000, 'date': '2025-06-30T14:35:11.170541'}]",
2025-06-30T14:35:38.629762,tecnocasa.tn,json,sousse,terrain,Sousse,Terrain,active,54114,Terrain habitation ind. en vente,Sousse Centre Ville - Bouhsina,https://www.tecnocasa.tn/vendre/terrain/sousse/sousse-centre-ville/54114.html,435 000 DT,455 000 DT,414 m²,20 000 DT,True,False,False,tn,estate,435000.0,455000.0,414.0,20000.0,ssca3,,1,https://cdn-media.medialabtc.it/tn/agencies/ssca3/estates/54114/images/281909/card.jpeg,5efa5b650e6d6636,Sousse Centre Ville - Bouhsina,5efa5b650e6d6636,2-42f78ab7fbe90435bfa31ea22b6337a1,2025-06-30T14:36:01.226990,2025-06-30T14:35:11.174994,"[{'price': 435000, 'date': '2025-06-30T14:35:11.175002'}]",
2025-06-30T14:35:38.629780,tecnocasa.tn,json,sousse,terrain,Sousse,Terrain,active,52625,Terrain habitation collective en vente,"Sousse Riadh, Avenue imam abou hannifa - Cité Riadh",https://www.tecnocasa.tn/vendre/terrain/sousse/sousse-riadh/52625.html,401 000 DT,,501 m²,,False,False,False,tn,estate,401000.0,,501.0,,ssca4,,1,https://cdn-media.medialabtc.it/tn/agencies/ssca4/estates/52625/images/266889/card.jpeg,e9c2710677540cdc,"Sousse Riadh, Avenue imam abou hannifa - Cité Riadh",e9c2710677540cdc,2-386a48d1485823f04f1803a9cf2e4a28,2025-06-30T14:36:01.232648,2025-06-30T14:35:11.179944,"[{'price': 401000, 'date': '2025-06-30T14:35:11.179952'}]",
2025-06-30T14:35:38.629794,tecnocasa.tn,json,sousse,terrain,Sousse,Terrain,active,55601,Terrain habitation ind. en vente,"M'Saken, Cité Ennour",https://www.tecnocasa.tn/vendre/terrain/sousse/m-saken/55601.html,271 000 DT,,417 m²,,False,False,False,tn,estate,271000.0,,417.0,,ssca7,,1,https://cdn-media.medialabtc.it/tn/agencies/ssca7/estates/55601/images/293788/card.jpeg,f2eeedb13cd65018,"M'Saken, Cité Ennour",f2eeedb13cd65018,2-37d28ca65ac5b1ef27ee4adc4f6a7f49,2025-06-30T14:36:01.239190,2025-06-30T14:35:11.185116,"[{'price': 271000, 'date': '2025-06-30T14:35:11.185129'}]",
2025-06-30T14:35:38.629816,tecnocasa.tn,json,sousse,terrain,Sousse,Terrain,active,55281,Terrain habitation ind. en vente,Sousse Centre Ville - Bouhsina,https://www.tecnocasa.tn/vendre/terrain/sousse/sousse-centre-ville/55281.html,440 000 DT,,553 m²,,False,False,False,tn,estate,440000.0,,553.0,,ssca3,,1,https://cdn-media.medialabtc.it/tn/agencies/ssca3/estates/55281/images/291140/card.jpeg,c1048b1f80ea8460,Sousse Centre Ville - Bouhsina,c1048b1f80ea8460,2-2a1d0ce1b7cb65236cdfc2826bd26aa6,2025-06-30T14:36:01.245235,2025-06-30T14:35:11.190032,"[{'price': 440000, 'date': '2025-06-30T14:35:11.190039'}]",
2025-06-30T14:35:38.629831,tecnocasa.tn,json,sousse,terrain,Sousse,Terrain,active,55436,Terrain habitation ind. en vente,"Hergla, Rue nozha",https://www.tecnocasa.tn/vendre/terrain/sousse/hergla/55436.html,220 000 DT,,399 m²,,False,False,False,tn,estate,220000.0,,399.0,,ssgh1,,1,https://cdn-media.medialabtc.it/tn/agencies/ssgh1/estates/55436/images/292643/card.jpeg,63bef22993b54941,"Hergla, Rue nozha",63bef22993b54941,2-4ca0a76a584e1a2609999ed56d4bb502,2025-06-30T14:36:01.251191,2025-06-30T14:35:11.195027,"[{'price': 220000, 'date': '2025-06-30T14:35:11.195038'}]",
2025-06-30T14:35:38.768101,tecnocasa.tn,json,sousse,terrain,Sousse,Terrain,active,55313,Terrain habitation ind. en vente,"M'Saken, Rue m'saken",https://www.tecnocasa.tn/vendre/terrain/sousse/m-saken/55313.html,167 400 DT,,372 m²,,False,False,False,tn,estate,167400.0,,372.0,,ssca7,,1,https://cdn-media.medialabtc.it/tn/agencies/ssca7/estates/55313/images/291253/card.jpeg,55a32399c6d23202,"M'Saken, Rue m'saken",55a32399c6d23202,2-e8ba73a7ebaab89b459b7504e6b69ef5,2025-06-30T14:36:01.256515,2025-06-30T14:35:11.199418,"[{'price': 167400, 'date': '2025-06-30T14:35:11.199425'}]",
2025-06-30T14:35:38.768176,tecnocasa.tn,json,sousse,terrain,Sousse,Terrain,active,53411,Terrain habitation ind. en vente,Akouda,https://www.tecnocasa.tn/vendre/terrain/sousse/akouda/53411.html,111 000 DT,,285 m²,,False,False,False,tn,estate,111000.0,,285.0,,sscb5,,1,https://cdn-media.medialabtc.it/tn/agencies/sscb5/estates/53411/images/290138/card.jpeg,235df0097812da49,Akouda,235df0097812da49,2-b3980c04338ebd728d26dfd5feb6423b,2025-06-30T14:36:01.262740,2025-06-30T14:35:11.205111,"[{'price': 111000, 'date': '2025-06-30T14:35:11.205120'}]",
2025-06-30T14:35:38.768188,tecnocasa.tn,json,sousse,terrain,Sousse,Terrain,active,51531,Terrain habitation collective en vente,"Sousse Centre Ville, Hamid El Ghazeli - Bouhsina",https://www.tecnocasa.tn/vendre/terrain/sousse/sousse-centre-ville/51531.html,544 000 DT,570 000 DT,544 m²,26 000 DT,True,False,False,tn,estate,544000.0,570000.0,544.0,26000.0,ssca3,,1,https://cdn-media.medialabtc.it/tn/agencies/ssca3/estates/51531/images/258904/card.jpeg,f4e660f47b1fb27f,"Sousse Centre Ville, Hamid El Ghazeli - Bouhsina",f4e660f47b1fb27f,2-ceafcec88029cac100c362667e957a57,2025-06-30T14:36:01.268584,2025-06-30T14:35:11.210120,"[{'price': 544000, 'date': '2025-06-30T14:35:11.210133'}]",
2025-06-30T14:35:38.768202,tecnocasa.tn,json,sousse,terrain,Sousse,Terrain,active,54710,Terrain habitation ind. en vente,"Hergla, Centre ville Hergla",https://www.tecnocasa.tn/vendre/terrain/sousse/hergla/54710.html,310 000 DT,,565 m²,,False,False,False,tn,estate,310000.0,,565.0,,ssgh1,,1,https://cdn-media.medialabtc.it/tn/agencies/ssgh1/estates/54710/images/288413/card.jpeg,fc5d515c1ef00d35,"Hergla, Centre ville Hergla",fc5d515c1ef00d35,2-ee01a831cc78975de3128191fd414542,2025-06-30T14:36:01.274307,2025-06-30T14:35:11.214908,"[{'price': 310000, 'date': '2025-06-30T14:35:11.214917'}]",
2025-06-30T14:35:38.768212,tecnocasa.tn,json,sousse,terrain,Sousse,Terrain,active,54458,Terrain industriel en vente,Akouda,https://www.tecnocasa.tn/vendre/terrain/sousse/akouda/54458.html,550 000 DT,,1100 m²,,False,False,False,tn,estate,550000.0,,1100.0,,sscb5,,1,https://cdn-media.medialabtc.it/tn/agencies/sscb5/estates/54458/images/288265/card.jpeg,19e08a128edc91bc,Akouda,19e08a128edc91bc,2-14bc0d603106b6a7764f9aee694fb27b,2025-06-30T14:36:01.280423,2025-06-30T14:35:11.220686,"[{'price': 550000, 'date': '2025-06-30T14:35:11.220695'}]",
2025-06-30T14:35:38.768221,tecnocasa.tn,json,sousse,terrain,Sousse,Terrain,active,52883,Terrain habitation ind. en vente,Akouda,https://www.tecnocasa.tn/vendre/terrain/sousse/akouda/52883.html,232 000 DT,,830 m²,,False,False,False,tn,estate,232000.0,,830.0,,sscb5,,1,https://cdn-media.medialabtc.it/tn/agencies/sscb5/estates/52883/images/282191/card.jpeg,04715cc55cb3d75c,Akouda,04715cc55cb3d75c,2-dc56b6c02f8e00567a3423cdf088ade1,2025-06-30T14:36:01.286560,2025-06-30T14:35:11.225115,"[{'price': 232000, 'date': '2025-06-30T14:35:11.225122'}]",
2025-06-30T14:35:38.768229,tecnocasa.tn,json,sousse,terrain,Sousse,Terrain,active,54870,Terrain habitation ind. en vente,Sousse Centre Ville - La Corniche,https://www.tecnocasa.tn/vendre/terrain/sousse/sousse-centre-ville/54870.html,850 000 DT,,446 m²,,False,False,False,tn,estate,850000.0,,446.0,,ssca6,,1,https://cdn-media.medialabtc.it/tn/agencies/ssca6/estates/54870/images/286543/card.jpeg,fa306cfb92aa5347,Sousse Centre Ville - La Corniche,fa306cfb92aa5347,2-694f4e56559a8c2a3b9c40067182fa63,2025-06-30T14:36:01.291933,2025-06-30T14:35:11.230052,"[{'price': 850000, 'date': '2025-06-30T14:35:11.230060'}]",
2025-06-30T14:35:38.768237,tecnocasa.tn,json,sousse,terrain,Sousse,Terrain,active,54711,Terrain habitation ind. en vente,"Hergla, Centre ville hergla",https://www.tecnocasa.tn/vendre/terrain/sousse/hergla/54711.html,244 000 DT,,544 m²,,False,False,False,tn,estate,244000.0,,544.0,,ssgh1,,1,https://cdn-media.medialabtc.it/tn/agencies/ssgh1/estates/54711/images/285673/card.jpeg,ff45417854a7efa5,"Hergla, Centre ville hergla",ff45417854a7efa5,2-0c2486059978dedfa0574acaafb90f21,2025-06-30T14:36:01.297956,2025-06-30T14:35:11.235693,"[{'price': 244000, 'date': '2025-06-30T14:35:11.235714'}]",
2025-06-30T14:35:38.768246,tecnocasa.tn,json,sousse,terrain,Sousse,Terrain,active,54604,Terrain habitation ind. en vente,Hammam Sousse,https://www.tecnocasa.tn/vendre/terrain/sousse/hammam-sousse/54604.html,920 000 DT,,546 m²,,False,False,False,tn,estate,920000.0,,546.0,,sscb3,,1,https://cdn-media.medialabtc.it/tn/agencies/sscb3/estates/54604/images/285572/card.jpeg,b05381655f6979d1,Hammam Sousse,b05381655f6979d1,2-451976a5d3977817221f254768180559,2025-06-30T14:36:01.304128,2025-06-30T14:35:11.240111,"[{'price': 920000, 'date': '2025-06-30T14:35:11.240119'}]",
2025-06-30T14:35:38.768259,tecnocasa.tn,json,sousse,terrain,Sousse,Terrain,active,54693,Terrain habitation ind. en vente,"Hergla, Rue hergla",https://www.tecnocasa.tn/vendre/terrain/sousse/hergla/54693.html,300 000 DT,,481 m²,,False,False,False,tn,estate,300000.0,,481.0,,ssgh1,,1,https://cdn-media.medialabtc.it/tn/agencies/ssgh1/estates/54693/images/284696/card.jpeg,30bc49892fc579a0,"Hergla, Rue hergla",30bc49892fc579a0,2-20289aa44bdd694ac76dad06467e0a35,2025-06-30T14:36:01.309296,2025-06-30T14:35:11.245128,"[{'price': 300000, 'date': '2025-06-30T14:35:11.245137'}]",
2025-06-30T14:35:38.768270,tecnocasa.tn,json,sousse,terrain,Sousse,Terrain,active,54370,Terrain agricole en vente,"Chott Meriam, Rue foukaya",https://www.tecnocasa.tn/vendre/terrain/sousse/chott-meriam/54370.html,117 000 DT,,1241 m²,,False,False,False,tn,estate,117000.0,,1241.0,,sscb4,,1,https://cdn-media.medialabtc.it/tn/agencies/sscb4/estates/54370/images/283541/card.jpeg,280d5f6ddd45e4b9,"Chott Meriam, Rue foukaya",280d5f6ddd45e4b9,2-d78fef3b19aaf7f9c4305da20efeb443,2025-06-30T14:36:01.314713,2025-06-30T14:35:11.249966,"[{'price': 117000, 'date': '2025-06-30T14:35:11.249975'}]",
2025-06-30T14:35:38.768279,tecnocasa.tn,json,sousse,terrain,Sousse,Terrain,active,50889,Terrain habitation ind. en vente,Akouda,https://www.tecnocasa.tn/vendre/terrain/sousse/akouda/50889.html,320 000 DT,,511 m²,,False,False,False,tn,estate,320000.0,,511.0,,sscb5,,1,https://cdn-media.medialabtc.it/tn/agencies/sscb5/estates/50889/images/283153/card.jpeg,bd52ef8278f7a626,Akouda,bd52ef8278f7a626,2-61fadb8156d4158a7f2f8be5abd2a8bd,2025-06-30T14:36:01.320157,2025-06-30T14:35:11.255390,"[{'price': 320000, 'date': '2025-06-30T14:35:11.255397'}]",
2025-06-30T14:35:38.768288,tecnocasa.tn,json,sousse,terrain,Sousse,Terrain,active,50893,Terrain habitation ind. en vente,Akouda,https://www.tecnocasa.tn/vendre/terrain/sousse/akouda/50893.html,185 000 DT,,463 m²,,False,False,False,tn,estate,185000.0,,463.0,,sscb5,,1,https://cdn-media.medialabtc.it/tn/agencies/sscb5/estates/50893/images/282287/card.jpeg,87a45ea022f7153b,Akouda,87a45ea022f7153b,2-7b8866196fb91ad11eea75c73a61018d,2025-06-30T14:36:01.324682,2025-06-30T14:35:11.260282,"[{'price': 185000, 'date': '2025-06-30T14:35:11.260291'}]",
2025-06-30T14:35:38.768297,tecnocasa.tn,json,sousse,terrain,Sousse,Terrain,active,50885,Terrain habitation ind. en vente,Akouda,https://www.tecnocasa.tn/vendre/terrain/sousse/akouda/50885.html,310 000 DT,,496 m²,,False,False,False,tn,estate,310000.0,,496.0,,sscb5,,1,https://cdn-media.medialabtc.it/tn/agencies/sscb5/estates/50885/images/282248/card.jpeg,1326ec09a73c975f,Akouda,1326ec09a73c975f,2-20f8d7301b6e8e8bf52c67f27d642384,2025-06-30T14:36:01.330060,2025-06-30T14:35:11.264964,"[{'price': 310000, 'date': '2025-06-30T14:35:11.264971'}]",
2025-06-30T14:35:38.768305,tecnocasa.tn,json,sousse,terrain,Sousse,Terrain,active,50156,Terrain habitation ind. en vente,"Sousse Centre Ville, Rue Mosquée - Bouhsina",https://www.tecnocasa.tn/vendre/terrain/sousse/sousse-centre-ville/50156.html,300 000 DT,333 000 DT,490 m²,33 000 DT,False,False,False,tn,estate,300000.0,333000.0,490.0,33000.0,ssca3,,1,https://cdn-media.medialabtc.it/tn/agencies/ssca3/estates/50156/images/246566/card.jpeg,69b2277dae854389,"Sousse Centre Ville, Rue Mosquée - Bouhsina",69b2277dae854389,2-0246c092f3c096dc96a92551d8ca64d4,2025-06-30T14:36:01.336686,2025-06-30T14:35:11.269597,"[{'price': 300000, 'date': '2025-06-30T14:35:11.269605'}]",
2025-06-30T14:35:42.071925,tecnocasa.tn,json,sousse,appartement,Sousse,Appartement,active,51563,S+1 en vente,"Hergla, Lotissement Afh",https://www.tecnocasa.tn/vendre/appartement/sousse/hergla/51563.html,183 613 DT,,72 m²,,False,False,False,tn,estate,183613.0,,72.0,,ssgh1,,1,https://cdn-media.medialabtc.it/tn/agencies/ssgh1/estates/51563/images/298371/card.jpeg,ebc3b018876dc49e,"Hergla, Lotissement Afh",ebc3b018876dc49e,2-33e1b152d5b375b3c5af13d8c6816f12,2025-06-30T14:36:01.341515,2025-06-30T14:35:11.274618,"[{'price': 183613, 'date': '2025-06-30T14:35:11.274626'}]",1 pièce
2025-06-30T14:35:42.071971,tecnocasa.tn,json,sousse,appartement,Sousse,Appartement,active,55655,S+2 en vente,"Chott Meriam, Rue tantana",https://www.tecnocasa.tn/vendre/appartement/sousse/chott-meriam/55655.html,200 000 DT,,62 m²,,False,False,False,tn,estate,200000.0,,62.0,,sscb4,,1,https://cdn-media.medialabtc.it/tn/agencies/sscb4/estates/55655/images/298193/card.jpeg,e5e6649c948a9bf3,"Chott Meriam, Rue tantana",e5e6649c948a9bf3,2-a2ad6d1258ae63cd12a69545c4eab3b9,2025-06-30T14:36:01.346670,2025-06-30T14:35:11.279548,"[{'price': 200000, 'date': '2025-06-30T14:35:11.279555'}]",3 pièces
2025-06-30T14:35:42.071983,tecnocasa.tn,json,sousse,appartement,Sousse,Appartement,active,55654,S+1 en vente,"Chott Meriam, Rue tantana",https://www.tecnocasa.tn/vendre/appartement/sousse/chott-meriam/55654.html,160 000 DT,,43 m²,,False,False,False,tn,estate,160000.0,,43.0,,sscb4,,1,https://cdn-media.medialabtc.it/tn/agencies/sscb4/estates/55654/images/298190/card.jpeg,1c388a47eed9ac60,"Chott Meriam, Rue tantana",1c388a47eed9ac60,2-01bd2bdcfe7268d3586a9429295a47c2,2025-06-30T14:36:01.351476,2025-06-30T14:35:11.284626,"[{'price': 160000, 'date': '2025-06-30T14:35:11.284643'}]",2 pièces
2025-06-30T14:35:42.071993,tecnocasa.tn,json,sousse,appartement,Sousse,Appartement,active,55449,S+3 en vente,"El Kantaoui, Rue elhalfa",https://www.tecnocasa.tn/vendre/appartement/sousse/el-kantaoui/55449.html,550 000 DT,,120 m²,,False,False,False,tn,estate,550000.0,,120.0,,ssca2,,1,https://cdn-media.medialabtc.it/tn/agencies/ssca2/estates/55449/images/294424/card.jpeg,4ae29ea3bd1725bd,"El Kantaoui, Rue elhalfa",4ae29ea3bd1725bd,2-0f45ef5f4ac8a49e13ffcb4bcdea4476,2025-06-30T14:36:01.356195,2025-06-30T14:35:11.289715,"[{'price': 550000, 'date': '2025-06-30T14:35:11.289723'}]",4 pièces
2025-06-30T14:35:42.072002,tecnocasa.tn,json,sousse,appartement,Sousse,Appartement,active,52916,S+2 en vente,"Sousse Riadh, Rue Japan - Cité Riadh",https://www.tecnocasa.tn/vendre/appartement/sousse/sousse-riadh/52916.html,75 000 DT,,75 m²,,False,False,False,tn,estate,75000.0,,75.0,,ssca4,,1,https://cdn-media.medialabtc.it/tn/agencies/ssca4/estates/52916/images/278724/card.jpeg,431879ad1e010010,"Sousse Riadh, Rue Japan - Cité Riadh",431879ad1e010010,2-e6eeab8ad6bb70847e450a3bcfd92094,2025-06-30T14:36:01.361442,2025-06-30T14:35:11.294516,"[{'price': 75000, 'date': '2025-06-30T14:35:11.294524'}]",
2025-06-30T14:35:42.072012,tecnocasa.tn,json,sousse,appartement,Sousse,Appartement,active,55942,S+2 en vente,"Hergla, Lotissement Afh",https://www.tecnocasa.tn/vendre/appartement/sousse/hergla/55942.html,200 000 DT,,112 m²,,False,False,False,tn,estate,200000.0,,112.0,,ssgh1,,1,https://cdn-media.medialabtc.it/tn/agencies/ssgh1/estates/55942/images/297130/card.jpeg,6721039784dc96e4,"Hergla, Lotissement Afh",6721039784dc96e4,2-2e456a10dd3b0d13a5410e0dace05489,2025-06-30T14:36:01.366293,2025-06-30T14:35:11.299105,"[{'price': 200000, 'date': '2025-06-30T14:35:11.299112'}]",2 pièces
2025-06-30T14:35:42.072020,tecnocasa.tn,json,sousse,appartement,Sousse,Appartement,active,47980,S+2 en vente,"Sousse Centre Ville, Avenue 15 octobre 1963 - Bouhsina",https://www.tecnocasa.tn/vendre/appartement/sousse/sousse-centre-ville/47980.html,265 000 DT,270 000 DT,136 m²,5 000 DT,True,False,False,tn,estate,265000.0,270000.0,136.0,5000.0,ssca3,,1,https://cdn-media.medialabtc.it/tn/agencies/ssca3/estates/47980/images/295952/card.jpeg,60a5afdebc4e4868,"Sousse Centre Ville, Avenue 15 octobre 1963 - Bouhsina",60a5afdebc4e4868,2-db82278c045dc7c73ee93ce7f24d376a,2025-06-30T14:36:01.371205,2025-06-30T14:35:11.303987,"[{'price': 265000, 'date': '2025-06-30T14:35:11.303994'}]",2 pièces
2025-06-30T14:35:42.072032,tecnocasa.tn,json,sousse,appartement,Sousse,Appartement,active,45552,S+3 en vente,"El Kantaoui, Rue du canal",https://www.tecnocasa.tn/vendre/appartement/sousse/el-kantaoui/45552.html,621 626 DT,686 550 DT,149 m²,64 924 DT,True,False,False,tn,estate,621626.0,686550.0,149.0,64924.0,ssca2,,1,https://cdn-media.medialabtc.it/tn/agencies/ssca2/estates/45552/images/296887/card.jpeg,cbc826817b185442,"El Kantaoui, Rue du canal",cbc826817b185442,2-01b553e876f28aa759d0f5283857cb12,2025-06-30T14:36:01.376129,2025-06-30T14:35:11.308598,"[{'price': 621626, 'date': '2025-06-30T14:35:11.308604'}]",4 pièces
2025-06-30T14:35:42.072043,tecnocasa.tn,json,sousse,appartement,Sousse,Appartement,active,55861,S+2 en vente,"Khezama, Avenue 14 janvier Slim centre - Khezema Est",https://www.tecnocasa.tn/vendre/appartement/sousse/khezama/55861.html,610 000 DT,,132 m²,,False,False,False,tn,estate,610000.0,,132.0,,ssca1,,1,https://cdn-media.medialabtc.it/tn/agencies/ssca1/estates/55861/images/296809/card.jpeg,a4d5ab2a3a86966f,"Khezama, Avenue 14 janvier Slim centre - Khezema Est",a4d5ab2a3a86966f,2-e7b9a33b812ff781c2e57e3f7996c6c2,2025-06-30T14:36:01.381464,2025-06-30T14:35:11.313541,"[{'price': 610000, 'date': '2025-06-30T14:35:11.313548'}]",3 pièces
2025-06-30T14:35:42.072051,tecnocasa.tn,json,sousse,appartement,Sousse,Appartement,active,53303,S+1 en vente,"Hergla, Lotissement AFH Hergla",https://www.tecnocasa.tn/vendre/appartement/sousse/hergla/53303.html,180 000 DT,250 000 DT,128 m²,70 000 DT,True,False,False,tn,estate,180000.0,250000.0,128.0,70000.0,ssgh1,,1,https://cdn-media.medialabtc.it/tn/agencies/ssgh1/estates/53303/images/287644/card.jpeg,12c33abbd66a9fcb,"Hergla, Lotissement AFH Hergla",12c33abbd66a9fcb,2-f3ebb9a362d67ddfe4584ce861ecee68,2025-06-30T14:36:01.386019,2025-06-30T14:35:11.318654,"[{'price': 180000, 'date': '2025-06-30T14:35:11.318667'}]",1 pièce
2025-06-30T14:35:42.072061,tecnocasa.tn,json,sousse,appartement,Sousse,Appartement,active,55875,Duplex en vente,"Hergla, Rue Madfoun",https://www.tecnocasa.tn/vendre/appartement/sousse/hergla/55875.html,"<span class=""trattativaRiservata"">Informations en agence</span>",,377 m²,,False,False,False,tn,estate,,,377.0,,ssgh1,,1,https://cdn-media.medialabtc.it/tn/agencies/ssgh1/estates/55875/images/296692/card.jpeg,b150179f1864def2,"Hergla, Rue Madfoun",b150179f1864def2,2-8fcf600e081f8abf9601ac82353aa81a,2025-06-30T14:36:01.391022,2025-06-30T14:35:11.323338,[],3 pièces
2025-06-30T14:35:42.072078,tecnocasa.tn,json,sousse,appartement,Sousse,Appartement,active,53347,S+2 en vente,"El Kantaoui, Rue elhalfa",https://www.tecnocasa.tn/vendre/appartement/sousse/el-kantaoui/53347.html,500 000 DT,,100 m²,,False,False,False,tn,estate,500000.0,,100.0,,ssca2,,1,https://cdn-media.medialabtc.it/tn/agencies/ssca2/estates/53347/images/296017/card.jpeg,83e707ea6c1a37ca,"El Kantaoui, Rue elhalfa",83e707ea6c1a37ca,2-e55be275a94168e341e4889f7c139760,2025-06-30T14:36:01.397358,2025-06-30T14:35:11.328443,"[{'price': 500000, 'date': '2025-06-30T14:35:11.328451'}]",3 pièces
2025-06-30T14:35:42.072086,tecnocasa.tn,json,sousse,appartement,Sousse,Appartement,active,44726,S+1 en vente,Khezama - Khezema Est,https://www.tecnocasa.tn/vendre/appartement/sousse/khezama/44726.html,200 000 DT,195 000 DT,57 m²,-5 000 DT,False,False,False,tn,estate,200000.0,195000.0,57.0,5000.0,ssca1,,1,https://cdn-media.medialabtc.it/tn/agencies/ssca1/estates/44726/images/199891/card.jpeg,00dff7413a07b9f6,Khezama - Khezema Est,00dff7413a07b9f6,2-cfd871a45925fa215c48783fc4eff66f,2025-06-30T14:36:01.402070,2025-06-30T14:35:11.332944,"[{'price': 200000, 'date': '2025-06-30T14:35:11.332952'}]",1 pièce
2025-06-30T14:35:42.072097,tecnocasa.tn,json,sousse,appartement,Sousse,Appartement,active,44729,S+2 en vente,Khezama - Khezema Est,https://www.tecnocasa.tn/vendre/appartement/sousse/khezama/44729.html,410 000 DT,370 000 DT,105 m²,-40 000 DT,False,False,False,tn,estate,410000.0,370000.0,105.0,40000.0,ssca1,,1,https://cdn-media.medialabtc.it/tn/agencies/ssca1/estates/44729/images/230149/card.jpeg,413c806c9e453d69,Khezama - Khezema Est,413c806c9e453d69,2-590e6e64e39ae8c8b63c407d42983c09,2025-06-30T14:36:01.406641,2025-06-30T14:35:11.337288,"[{'price': 410000, 'date': '2025-06-30T14:35:11.337295'}]",2 pièces
2025-06-30T14:35:42.072108,tecnocasa.tn,json,sousse,appartement,Sousse,Appartement,active,48873,S+2 en vente,"Khezama, Boulevard 14 janvier - Khezema Est",https://www.tecnocasa.tn/vendre/appartement/sousse/khezama/48873.html,410 000 DT,,120 m²,,False,False,False,tn,estate,410000.0,,120.0,,ssca1,,1,https://cdn-media.medialabtc.it/tn/agencies/ssca1/estates/48873/images/243072/card.jpeg,ddc8c09f0dda866a,"Khezama, Boulevard 14 janvier - Khezema Est",ddc8c09f0dda866a,2-6f56b0d123ab3d18b296d7276ad40538,2025-06-30T14:36:01.411663,2025-06-30T14:35:11.341809,"[{'price': 410000, 'date': '2025-06-30T14:35:11.341816'}]",2 pièces
2025-06-30T14:35:42.152747,tecnocasa.tn,json,sousse,appartement,Sousse,Appartement,active,49736,Duplex en vente,"Khezama, Rue misk - Khezema Est",https://www.tecnocasa.tn/vendre/appartement/sousse/khezama/49736.html,350 000 DT,,176 m²,,False,False,False,tn,estate,350000.0,,176.0,,ssca1,,1,https://cdn-media.medialabtc.it/tn/agencies/ssca1/estates/49736/images/245497/card.jpeg,c627c0511e131449,"Khezama, Rue misk - Khezema Est",c627c0511e131449,2-f4cd917b6373d06b23e2738ee7de5e0d,2025-06-30T14:36:01.416816,2025-06-30T14:35:11.346580,"[{'price': 350000, 'date': '2025-06-30T14:35:11.346588'}]",3 pièces
2025-06-30T14:35:42.152793,tecnocasa.tn,json,sousse,appartement,Sousse,Appartement,active,53372,S+3 en vente,"Khezama, Rue misk - Khezema Est",https://www.tecnocasa.tn/vendre/appartement/sousse/khezama/53372.html,385 000 DT,,145 m²,,False,False,False,tn,estate,385000.0,,145.0,,ssca1,,1,https://cdn-media.medialabtc.it/tn/agencies/ssca1/estates/53372/images/286425/card.jpeg,245b3ec047bed015,"Khezama, Rue misk - Khezema Est",245b3ec047bed015,2-7169e1c9a24fa8f40b8f7406ff24febd,2025-06-30T14:36:01.422265,2025-06-30T14:35:11.351461,"[{'price': 385000, 'date': '2025-06-30T14:35:11.351474'}]",3 pièces
2025-06-30T14:35:42.152805,tecnocasa.tn,json,sousse,appartement,Sousse,Appartement,active,53965,S+3 en vente,"Khezama, Rue du Misk - Khezema Est",https://www.tecnocasa.tn/vendre/appartement/sousse/khezama/53965.html,420 000 DT,,187 m²,,False,False,False,tn,estate,420000.0,,187.0,,ssca1,,1,https://cdn-media.medialabtc.it/tn/agencies/ssca1/estates/53965/images/289426/card.jpeg,86fa4dc3d1ea5958,"Khezama, Rue du Misk - Khezema Est",86fa4dc3d1ea5958,2-eff9ac89b44885f7c960eaaaab3a4cc5,2025-06-30T14:36:01.427142,2025-06-30T14:35:11.356330,"[{'price': 420000, 'date': '2025-06-30T14:35:11.356337'}]",3 pièces
2025-06-30T14:35:42.152814,tecnocasa.tn,json,sousse,appartement,Sousse,Appartement,active,54673,S+2 en vente,Khezama - Khezema Est,https://www.tecnocasa.tn/vendre/appartement/sousse/khezama/54673.html,475 000 DT,,143 m²,,False,False,False,tn,estate,475000.0,,143.0,,ssca1,,1,https://cdn-media.medialabtc.it/tn/agencies/ssca1/estates/54673/images/284568/card.jpeg,e090a0affdb9ed24,Khezama - Khezema Est,e090a0affdb9ed24,2-9bb355811c0c5e63ae715b26d96d38c0,2025-06-30T14:36:01.431877,2025-06-30T14:35:11.361180,"[{'price': 475000, 'date': '2025-06-30T14:35:11.361188'}]",3 pièces
2025-06-30T14:35:42.152823,tecnocasa.tn,json,sousse,appartement,Sousse,Appartement,active,54731,S+2 en vente,Khezama - Khezema Est,https://www.tecnocasa.tn/vendre/appartement/sousse/khezama/54731.html,420 000 DT,,120 m²,,False,False,False,tn,estate,420000.0,,120.0,,ssca1,,1,https://cdn-media.medialabtc.it/tn/agencies/ssca1/estates/54731/images/285037/card.jpeg,79f298d9230e1f16,Khezama - Khezema Est,79f298d9230e1f16,2-721aeb65a35c8b5ad3afe31af25c6561,2025-06-30T14:36:01.436554,2025-06-30T14:35:11.365727,"[{'price': 420000, 'date': '2025-06-30T14:35:11.365734'}]",2 pièces
2025-06-30T14:35:42.152832,tecnocasa.tn,json,sousse,appartement,Sousse,Appartement,active,54844,S+2 en vente,"Khezama, Rue Ghdess - Khezema Est",https://www.tecnocasa.tn/vendre/appartement/sousse/khezama/54844.html,270 000 DT,,120 m²,,False,False,False,tn,estate,270000.0,,120.0,,ssca1,,1,https://cdn-media.medialabtc.it/tn/agencies/ssca1/estates/54844/images/290504/card.jpeg,4237b1d718ab0379,"Khezama, Rue Ghdess - Khezema Est",4237b1d718ab0379,2-bf82cd0f6452b690c5e4d6f90c75d4dd,2025-06-30T14:36:01.441269,2025-06-30T14:35:11.370113,"[{'price': 270000, 'date': '2025-06-30T14:35:11.370121'}]",3 pièces
2025-06-30T14:35:42.152840,tecnocasa.tn,json,sousse,appartement,Sousse,Appartement,active,55107,S+1 en vente,"Khezama, Rue el mansour - Khezema Est",https://www.tecnocasa.tn/vendre/appartement/sousse/khezama/55107.html,145 000 DT,,60 m²,,False,False,False,tn,estate,145000.0,,60.0,,ssca1,,1,https://cdn-media.medialabtc.it/tn/agencies/ssca1/estates/55107/images/289675/card.jpeg,88d8773e4b6aabe2,"Khezama, Rue el mansour - Khezema Est",88d8773e4b6aabe2,2-c9a828da7b3c51c993b990176dfcd81c,2025-06-30T14:36:01.446961,2025-06-30T14:35:11.374775,"[{'price': 145000, 'date': '2025-06-30T14:35:11.374784'}]",2 pièces
2025-06-30T14:35:42.152848,tecnocasa.tn,json,sousse,appartement,Sousse,Appartement,active,55124,S+2 en vente,"Khezama, شارع الهادي غداس - Khezema Est",https://www.tecnocasa.tn/vendre/appartement/sousse/khezama/55124.html,320 000 DT,,121 m²,,False,False,False,tn,estate,320000.0,,121.0,,ssca1,,1,https://cdn-media.medialabtc.it/tn/agencies/ssca1/estates/55124/images/290381/card.jpeg,4513eebeea705778,"Khezama, شارع الهادي غداس - Khezema Est",4513eebeea705778,2-565c21fdff25c2c1af2d6f9737acd0c2,2025-06-30T14:36:01.451548,2025-06-30T14:35:11.379961,"[{'price': 320000, 'date': '2025-06-30T14:35:11.379970'}]",2 pièces
2025-06-30T14:35:42.152856,tecnocasa.tn,json,sousse,appartement,Sousse,Appartement,active,54026,S+2 en vente,"Sousse Centre Ville, Rue les salope - Bouhsina",https://www.tecnocasa.tn/vendre/appartement/sousse/sousse-centre-ville/54026.html,95 000 DT,,110 m²,,False,False,False,tn,estate,95000.0,,110.0,,ssca3,,1,https://cdn-media.medialabtc.it/tn/agencies/ssca3/estates/54026/images/278535/card.jpeg,5c22e6b870ceb742,"Sousse Centre Ville, Rue les salope - Bouhsina",5c22e6b870ceb742,2-5f5c81fb2a9b068dbc5bfe5d30a784a8,2025-06-30T14:36:01.456209,2025-06-30T14:35:11.385401,"[{'price': 95000, 'date': '2025-06-30T14:35:11.385414'}]",
2025-06-30T14:35:42.152864,tecnocasa.tn,json,sousse,appartement,Sousse,Appartement,active,55772,S+2 en vente,"Hammam Sousse, Rue des Sables",https://www.tecnocasa.tn/vendre/appartement/sousse/hammam-sousse/55772.html,225 000 DT,,90 m²,,False,False,False,tn,estate,225000.0,,90.0,,sscb3,,1,https://cdn-media.medialabtc.it/tn/agencies/sscb3/estates/55772/images/295153/card.jpeg,9d873b4b4a4d1093,"Hammam Sousse, Rue des Sables",9d873b4b4a4d1093,2-6db16eb0284fcd19e468da187171aac8,2025-06-30T14:36:01.461428,2025-06-30T14:35:11.390400,"[{'price': 225000, 'date': '2025-06-30T14:35:11.390407'}]",2 pièces
2025-06-30T14:35:42.152872,tecnocasa.tn,json,sousse,appartement,Sousse,Appartement,active,55316,S+2 en vente,"Sousse Centre Ville, Rue ali ibn ali taleb - Bouhsina",https://www.tecnocasa.tn/vendre/appartement/sousse/sousse-centre-ville/55316.html,68 000 DT,,68 m²,,False,False,False,tn,estate,68000.0,,68.0,,ssca3,,1,https://cdn-media.medialabtc.it/tn/agencies/ssca3/estates/55316/images/295922/card.jpeg,fa04607f7b5f9b48,"Sousse Centre Ville, Rue ali ibn ali taleb - Bouhsina",fa04607f7b5f9b48,2-3f31d51e327e6aa43c924c8992bdf829,2025-06-30T14:36:01.466545,2025-06-30T14:35:11.395275,"[{'price': 68000, 'date': '2025-06-30T14:35:11.395283'}]",2 pièces
2025-06-30T14:35:42.152885,tecnocasa.tn,json,sousse,appartement,Sousse,Appartement,active,55754,S+1 en vente,"Hergla, Lotissement AFH Hergla",https://www.tecnocasa.tn/vendre/appartement/sousse/hergla/55754.html,165 000 DT,,77 m²,,False,False,False,tn,estate,165000.0,,77.0,,ssgh1,,1,https://cdn-media.medialabtc.it/tn/agencies/ssgh1/estates/55754/images/295888/card.jpeg,b2b90eca9096b0c0,"Hergla, Lotissement AFH Hergla",b2b90eca9096b0c0,2-a880e1cbcc1140f9ebda2ac70049e9fa,2025-06-30T14:36:01.471755,2025-06-30T14:35:11.399976,"[{'price': 165000, 'date': '2025-06-30T14:35:11.399984'}]",
2025-06-30T14:35:42.152893,tecnocasa.tn,json,sousse,appartement,Sousse,Appartement,active,53203,S+2 en vente,"Hammam Sousse, Rue Salaheddine Ayoubi - El Menchia",https://www.tecnocasa.tn/vendre/appartement/sousse/hammam-sousse/53203.html,250 000 DT,,90 m²,,False,False,False,tn,estate,250000.0,,90.0,,sscb3,,1,https://cdn-media.medialabtc.it/tn/agencies/sscb3/estates/53203/images/271485/card.jpeg,200850378377b93a,"Hammam Sousse, Rue Salaheddine Ayoubi - El Menchia",200850378377b93a,2-b77c608cb8f90e25f541ffeb84dee5c4,2025-06-30T14:36:01.477127,2025-06-30T14:35:11.404366,"[{'price': 250000, 'date': '2025-06-30T14:35:11.404373'}]",3 pièces
2025-06-30T14:35:42.152901,tecnocasa.tn,json,sousse,appartement,Sousse,Appartement,active,51362,S+3 en vente,"Hammam Sousse, Rue azzaourak",https://www.tecnocasa.tn/vendre/appartement/sousse/hammam-sousse/51362.html,350 000 DT,,125 m²,,False,False,False,tn,estate,350000.0,,125.0,,sscb3,,1,https://cdn-media.medialabtc.it/tn/agencies/sscb3/estates/51362/images/293764/card.jpeg,723f8661e9dca3ec,"Hammam Sousse, Rue azzaourak",723f8661e9dca3ec,2-f057a0094f061d601839329aec1911ea,2025-06-30T14:36:01.481954,2025-06-30T14:35:11.408882,"[{'price': 350000, 'date': '2025-06-30T14:35:11.408889'}]",4 pièces
2025-06-30T14:35:42.152914,tecnocasa.tn,json,sousse,appartement,Sousse,Appartement,active,36121,S+3 en vente,"Hammam Sousse, Avenue 14 Janvier",https://www.tecnocasa.tn/vendre/appartement/sousse/hammam-sousse/36121.html,400 000 DT,420 000 DT,135 m²,20 000 DT,False,False,False,tn,estate,400000.0,420000.0,135.0,20000.0,sscb3,,1,https://cdn-media.medialabtc.it/tn/agencies/sscb3/estates/36121/images/144574/card.jpeg,4b5936f4bdcf73cd,"Hammam Sousse, Avenue 14 Janvier",4b5936f4bdcf73cd,2-8ed929ee54cbf18502cc64c41f32fada,2025-06-30T14:36:01.486852,2025-06-30T14:35:11.413664,"[{'price': 400000, 'date': '2025-06-30T14:35:11.413673'}]",3 pièces
2025-06-30T14:35:47.001136,tecnocasa.tn,json,sfax,terrain,Sfax,Terrain,active,55778,Terrain habitation collective en vente,Sfax - Route de Tunis,https://www.tecnocasa.tn/vendre/terrain/sfax/sfax/55778.html,170 000 DT,,510 m²,,False,False,False,tn,estate,170000.0,,510.0,,ssfx1,,1,https://cdn-media.medialabtc.it/tn/agencies/ssfx1/estates/55778/images/295776/card.jpeg,7d06dcaf569a048e,Sfax - Route de Tunis,7d06dcaf569a048e,3-7633e92557e506584502553e81aff0d1,2025-06-30T14:36:01.491704,2025-06-30T14:35:11.418783,"[{'price': 170000, 'date': '2025-06-30T14:35:11.418795'}]",
2025-06-30T14:35:47.001183,tecnocasa.tn,json,sfax,terrain,Sfax,Terrain,active,52338,Terrain habitation ind. en vente,Sfax - Route Teniour,https://www.tecnocasa.tn/vendre/terrain/sfax/sfax/52338.html,430 000 DT,440 000 DT,1051 m²,10 000 DT,True,False,False,tn,estate,430000.0,440000.0,1051.0,10000.0,ssfx1,,1,https://cdn-media.medialabtc.it/tn/agencies/ssfx1/estates/52338/images/263758/card.jpeg,f1a2d42220cf5333,Sfax - Route Teniour,f1a2d42220cf5333,3-73bd3a33bb8a25193befef2a09681731,2025-06-30T14:36:01.496487,2025-06-30T14:35:11.423776,"[{'price': 430000, 'date': '2025-06-30T14:35:11.423785'}]",
2025-06-30T14:35:47.001198,tecnocasa.tn,json,sfax,terrain,Sfax,Terrain,active,54104,Terrain habitation ind. en vente,Sfax - Route Teniour,https://www.tecnocasa.tn/vendre/terrain/sfax/sfax/54104.html,340 000 DT,,649 m²,,False,False,False,tn,estate,340000.0,,649.0,,ssfx1,,1,https://cdn-media.medialabtc.it/tn/agencies/ssfx1/estates/54104/images/279405/card.jpeg,0cb92ced6f658f29,Sfax - Route Teniour,0cb92ced6f658f29,3-744661448bb0534a005aff63504a9d82,2025-06-30T14:36:01.501158,2025-06-30T14:35:11.428574,"[{'price': 340000, 'date': '2025-06-30T14:35:11.428582'}]",
2025-06-30T14:35:47.001208,tecnocasa.tn,json,sfax,terrain,Sfax,Terrain,active,50597,Terrain habitation ind. en vente,Sfax - Bouzayen,https://www.tecnocasa.tn/vendre/terrain/sfax/sfax/50597.html,240 000 DT,255 000 DT,608 m²,15 000 DT,False,False,False,tn,estate,240000.0,255000.0,608.0,15000.0,ssfx1,,1,https://cdn-media.medialabtc.it/tn/agencies/ssfx1/estates/50597/images/247905/card.jpeg,6ffd0304f32fb5a3,Sfax - Bouzayen,6ffd0304f32fb5a3,3-ba05d896f855a41b9b8ef09589ac0bfc,2025-06-30T14:36:01.505773,2025-06-30T14:35:11.433414,"[{'price': 240000, 'date': '2025-06-30T14:35:11.433421'}]",
2025-06-30T14:35:47.001219,tecnocasa.tn,json,sfax,terrain,Sfax,Terrain,active,53005,Terrain habitation ind. en vente,Sfax - Route Ain,https://www.tecnocasa.tn/vendre/terrain/sfax/sfax/53005.html,280 000 DT,,778 m²,,False,False,False,tn,estate,280000.0,,778.0,,ssfx1,,1,https://cdn-media.medialabtc.it/tn/agencies/ssfx1/estates/53005/images/270307/card.jpeg,4cdb5107627f558d,Sfax - Route Ain,4cdb5107627f558d,3-6872f18e60adeb281d9b569c1eded5cf,2025-06-30T14:36:01.510740,2025-06-30T14:35:11.437864,"[{'price': 280000, 'date': '2025-06-30T14:35:11.437871'}]",
2025-06-30T14:35:47.001228,tecnocasa.tn,json,sfax,terrain,Sfax,Terrain,active,49347,Terrain habitation ind. en vente,Sfax - Route Gremda,https://www.tecnocasa.tn/vendre/terrain/sfax/sfax/49347.html,235 000 DT,250 000 DT,525 m²,15 000 DT,False,False,False,tn,estate,235000.0,250000.0,525.0,15000.0,ssfx1,,1,https://cdn-media.medialabtc.it/tn/agencies/ssfx1/estates/49347/images/243597/card.jpeg,26f9df9bd6f80062,Sfax - Route Gremda,26f9df9bd6f80062,3-f2831961eef2b70aad2118778583ccc8,2025-06-30T14:36:01.515531,2025-06-30T14:35:11.442331,"[{'price': 235000, 'date': '2025-06-30T14:35:11.442338'}]",
2025-06-30T14:35:47.001238,tecnocasa.tn,json,sfax,terrain,Sfax,Terrain,active,48778,Terrain habitation ind. en vente,Sfax - Route Lafrane,https://www.tecnocasa.tn/vendre/terrain/sfax/sfax/48778.html,445 000 DT,475 000 DT,1360 m²,30 000 DT,False,False,False,tn,estate,445000.0,475000.0,1360.0,30000.0,ssfx1,,1,https://cdn-media.medialabtc.it/tn/agencies/ssfx1/estates/48778/images/237206/card.jpeg,f76f675b10f7a5e5,Sfax - Route Lafrane,f76f675b10f7a5e5,3-159f3d36c92dccf148c1056ada20f6c4,2025-06-30T14:36:01.520291,2025-06-30T14:35:11.447263,"[{'price': 445000, 'date': '2025-06-30T14:35:11.447272'}]",
2025-06-30T14:35:47.001248,tecnocasa.tn,json,sfax,terrain,Sfax,Terrain,active,50452,Terrain habitation collective en vente,Sfax - Route Teniour,https://www.tecnocasa.tn/vendre/terrain/sfax/sfax/50452.html,330 000 DT,,330 m²,,False,False,False,tn,estate,330000.0,,330.0,,ssfx1,,1,https://cdn-media.medialabtc.it/tn/agencies/ssfx1/estates/50452/images/246866/card.jpeg,f0c8d92f8bfc637d,Sfax - Route Teniour,f0c8d92f8bfc637d,3-7f0da5cd90da0b70a85b20278376f08d,2025-06-30T14:36:01.525234,2025-06-30T14:35:11.452564,"[{'price': 330000, 'date': '2025-06-30T14:35:11.452574'}]",
2025-06-30T14:35:47.001256,tecnocasa.tn,json,sfax,terrain,Sfax,Terrain,active,50049,Terrain habitation ind. en vente,Sfax - Route Gremda,https://www.tecnocasa.tn/vendre/terrain/sfax/sfax/50049.html,280 000 DT,,657 m²,,False,False,False,tn,estate,280000.0,,657.0,,ssfx1,,1,https://cdn-media.medialabtc.it/tn/agencies/ssfx1/estates/50049/images/246207/card.jpeg,06e8eda496927c11,Sfax - Route Gremda,06e8eda496927c11,3-a214567be47aeb09b14b6ba123e37c5b,2025-06-30T14:36:01.530040,2025-06-30T14:35:11.457333,"[{'price': 280000, 'date': '2025-06-30T14:35:11.457339'}]",
2025-06-30T14:35:47.079252,tecnocasa.tn,json,sfax,terrain,Sfax,Terrain,active,55778,Terrain habitation collective en vente,Sfax - Route de Tunis,https://www.tecnocasa.tn/vendre/terrain/sfax/sfax/55778.html,170 000 DT,,510 m²,,False,False,False,tn,estate,170000.0,,510.0,,ssfx1,,1,https://cdn-media.medialabtc.it/tn/agencies/ssfx1/estates/55778/images/295776/card.jpeg,7d06dcaf569a048e,Sfax - Route de Tunis,7d06dcaf569a048e,4-66faeec5fef858855c6afb57f758ca34,2025-06-30T14:36:01.534959,2025-06-30T14:35:11.418783,"[{'price': 170000, 'date': '2025-06-30T14:35:11.418795'}]",
2025-06-30T14:35:47.079299,tecnocasa.tn,json,sfax,terrain,Sfax,Terrain,active,52338,Terrain habitation ind. en vente,Sfax - Route Teniour,https://www.tecnocasa.tn/vendre/terrain/sfax/sfax/52338.html,430 000 DT,440 000 DT,1051 m²,10 000 DT,True,False,False,tn,estate,430000.0,440000.0,1051.0,10000.0,ssfx1,,1,https://cdn-media.medialabtc.it/tn/agencies/ssfx1/estates/52338/images/263758/card.jpeg,f1a2d42220cf5333,Sfax - Route Teniour,f1a2d42220cf5333,4-9f9d54c10a316a4c813d86bee81ff14c,2025-06-30T14:36:01.540127,2025-06-30T14:35:11.423776,"[{'price': 430000, 'date': '2025-06-30T14:35:11.423785'}]",
2025-06-30T14:35:47.079321,tecnocasa.tn,json,sfax,terrain,Sfax,Terrain,active,54104,Terrain habitation ind. en vente,Sfax - Route Teniour,https://www.tecnocasa.tn/vendre/terrain/sfax/sfax/54104.html,340 000 DT,,649 m²,,False,False,False,tn,estate,340000.0,,649.0,,ssfx1,,1,https://cdn-media.medialabtc.it/tn/agencies/ssfx1/estates/54104/images/279405/card.jpeg,0cb92ced6f658f29,Sfax - Route Teniour,0cb92ced6f658f29,4-65837ba247a77793ecc6da3b955f1340,2025-06-30T14:36:01.545270,2025-06-30T14:35:11.428574,"[{'price': 340000, 'date': '2025-06-30T14:35:11.428582'}]",
2025-06-30T14:35:47.079330,tecnocasa.tn,json,sfax,terrain,Sfax,Terrain,active,50597,Terrain habitation ind. en vente,Sfax - Bouzayen,https://www.tecnocasa.tn/vendre/terrain/sfax/sfax/50597.html,240 000 DT,255 000 DT,608 m²,15 000 DT,False,False,False,tn,estate,240000.0,255000.0,608.0,15000.0,ssfx1,,1,https://cdn-media.medialabtc.it/tn/agencies/ssfx1/estates/50597/images/247905/card.jpeg,6ffd0304f32fb5a3,Sfax - Bouzayen,6ffd0304f32fb5a3,4-7d443fb6b3aa0f6583405070f7ca5f8f,2025-06-30T14:36:01.550281,2025-06-30T14:35:11.433414,"[{'price': 240000, 'date': '2025-06-30T14:35:11.433421'}]",
2025-06-30T14:35:47.079342,tecnocasa.tn,json,sfax,terrain,Sfax,Terrain,active,53005,Terrain habitation ind. en vente,Sfax - Route Ain,https://www.tecnocasa.tn/vendre/terrain/sfax/sfax/53005.html,280 000 DT,,778 m²,,False,False,False,tn,estate,280000.0,,778.0,,ssfx1,,1,https://cdn-media.medialabtc.it/tn/agencies/ssfx1/estates/53005/images/270307/card.jpeg,4cdb5107627f558d,Sfax - Route Ain,4cdb5107627f558d,4-add7cafdb12344a1228994028d693811,2025-06-30T14:36:01.555237,2025-06-30T14:35:11.437864,"[{'price': 280000, 'date': '2025-06-30T14:35:11.437871'}]",
2025-06-30T14:35:47.079351,tecnocasa.tn,json,sfax,terrain,Sfax,Terrain,active,49347,Terrain habitation ind. en vente,Sfax - Route Gremda,https://www.tecnocasa.tn/vendre/terrain/sfax/sfax/49347.html,235 000 DT,250 000 DT,525 m²,15 000 DT,False,False,False,tn,estate,235000.0,250000.0,525.0,15000.0,ssfx1,,1,https://cdn-media.medialabtc.it/tn/agencies/ssfx1/estates/49347/images/243597/card.jpeg,26f9df9bd6f80062,Sfax - Route Gremda,26f9df9bd6f80062,4-72a97f85ccc412283b2911b2e42e4144,2025-06-30T14:36:01.560262,2025-06-30T14:35:11.442331,"[{'price': 235000, 'date': '2025-06-30T14:35:11.442338'}]",
2025-06-30T14:35:47.079361,tecnocasa.tn,json,sfax,terrain,Sfax,Terrain,active,48778,Terrain habitation ind. en vente,Sfax - Route Lafrane,https://www.tecnocasa.tn/vendre/terrain/sfax/sfax/48778.html,445 000 DT,475 000 DT,1360 m²,30 000 DT,False,False,False,tn,estate,445000.0,475000.0,1360.0,30000.0,ssfx1,,1,https://cdn-media.medialabtc.it/tn/agencies/ssfx1/estates/48778/images/237206/card.jpeg,f76f675b10f7a5e5,Sfax - Route Lafrane,f76f675b10f7a5e5,4-e8927fa225bd611c7b1379643ff618ab,2025-06-30T14:36:01.565400,2025-06-30T14:35:11.447263,"[{'price': 445000, 'date': '2025-06-30T14:35:11.447272'}]",
2025-06-30T14:35:47.079372,tecnocasa.tn,json,sfax,terrain,Sfax,Terrain,active,50452,Terrain habitation collective en vente,Sfax - Route Teniour,https://www.tecnocasa.tn/vendre/terrain/sfax/sfax/50452.html,330 000 DT,,330 m²,,False,False,False,tn,estate,330000.0,,330.0,,ssfx1,,1,https://cdn-media.medialabtc.it/tn/agencies/ssfx1/estates/50452/images/246866/card.jpeg,f0c8d92f8bfc637d,Sfax - Route Teniour,f0c8d92f8bfc637d,4-d8b7eb3bd0b38fc8ecc10bf8b947bd4d,2025-06-30T14:36:01.570290,2025-06-30T14:35:11.452564,"[{'price': 330000, 'date': '2025-06-30T14:35:11.452574'}]",
2025-06-30T14:35:47.079381,tecnocasa.tn,json,sfax,terrain,Sfax,Terrain,active,50049,Terrain habitation ind. en vente,Sfax - Route Gremda,https://www.tecnocasa.tn/vendre/terrain/sfax/sfax/50049.html,280 000 DT,,657 m²,,False,False,False,tn,estate,280000.0,,657.0,,ssfx1,,1,https://cdn-media.medialabtc.it/tn/agencies/ssfx1/estates/50049/images/246207/card.jpeg,06e8eda496927c11,Sfax - Route Gremda,06e8eda496927c11,4-227b2d0960705b37e73064cca8fe118e,2025-06-30T14:36:01.575283,2025-06-30T14:35:11.457333,"[{'price': 280000, 'date': '2025-06-30T14:35:11.457339'}]",
2025-06-30T14:35:50.337338,tecnocasa.tn,json,sfax,appartement,Sfax,Appartement,active,53790,S+4 en vente,Sfax - Route Lafrane,https://www.tecnocasa.tn/vendre/appartement/sfax/sfax/53790.html,470 000 DT,,204 m²,,False,False,False,tn,estate,470000.0,,204.0,,ssfx1,,1,https://cdn-media.medialabtc.it/tn/agencies/ssfx1/estates/53790/images/276233/card.jpeg,0e6321126ce043a2,Sfax - Route Lafrane,0e6321126ce043a2,3-73ea9db4c15f6e550ccf969222ecf8f6,2025-06-30T14:36:01.580715,2025-06-30T14:35:11.507697,"[{'price': 470000, 'date': '2025-06-30T14:35:11.507708'}]",5 pièces
2025-06-30T14:35:50.337386,tecnocasa.tn,json,sfax,appartement,Sfax,Appartement,active,55651,S+3 en vente,Sfax - Route Gremda,https://www.tecnocasa.tn/vendre/appartement/sfax/sfax/55651.html,280 000 DT,,144 m²,,False,False,False,tn,estate,280000.0,,144.0,,ssfx1,,1,https://cdn-media.medialabtc.it/tn/agencies/ssfx1/estates/55651/images/294225/card.jpeg,7790252a96c32315,Sfax - Route Gremda,7790252a96c32315,3-b6dfda71e456c704319cf635d9c0f621,2025-06-30T14:36:01.585523,2025-06-30T14:35:11.513154,"[{'price': 280000, 'date': '2025-06-30T14:35:11.513162'}]",
2025-06-30T14:35:50.337397,tecnocasa.tn,json,sfax,appartement,Sfax,Appartement,active,55413,S+2 en vente,Sfax - Bouzayen,https://www.tecnocasa.tn/vendre/appartement/sfax/sfax/55413.html,275 000 DT,,120 m²,,False,False,False,tn,estate,275000.0,,120.0,,ssfx1,,1,https://cdn-media.medialabtc.it/tn/agencies/ssfx1/estates/55413/images/292394/card.jpeg,8f6a933757604cba,Sfax - Bouzayen,8f6a933757604cba,3-7533ef0dfa69bb1a769dc96678621f69,2025-06-30T14:36:01.590851,2025-06-30T14:35:11.518876,"[{'price': 275000, 'date': '2025-06-30T14:35:11.518888'}]",3 pièces
2025-06-30T14:35:50.337405,tecnocasa.tn,json,sfax,appartement,Sfax,Appartement,active,49777,S+3 en vente,Sfax - Route Gremda,https://www.tecnocasa.tn/vendre/appartement/sfax/sfax/49777.html,450 000 DT,550 000 DT,250 m²,100 000 DT,False,False,False,tn,estate,450000.0,550000.0,250.0,100000.0,ssfx1,,1,https://cdn-media.medialabtc.it/tn/agencies/ssfx1/estates/49777/images/240146/card.jpeg,1c71bbb0c3c90efb,Sfax - Route Gremda,1c71bbb0c3c90efb,3-c52798b65f11e02c9c28ca9ba392027d,2025-06-30T14:36:01.596554,2025-06-30T14:35:11.523553,"[{'price': 450000, 'date': '2025-06-30T14:35:11.523560'}]",
2025-06-30T14:35:50.337416,tecnocasa.tn,json,sfax,appartement,Sfax,Appartement,active,49201,S+3 en vente,Sfax - Route Lafrane,https://www.tecnocasa.tn/vendre/appartement/sfax/sfax/49201.html,340 000 DT,350 000 DT,165 m²,10 000 DT,False,False,False,tn,estate,340000.0,350000.0,165.0,10000.0,ssfx1,,1,https://cdn-media.medialabtc.it/tn/agencies/ssfx1/estates/49201/images/236049/card.jpeg,717163d6a65d53f6,Sfax - Route Lafrane,717163d6a65d53f6,3-72be1642c6a3dded69dfb506f606e069,2025-06-30T14:36:01.601135,2025-06-30T14:35:11.528482,"[{'price': 340000, 'date': '2025-06-30T14:35:11.528491'}]",
2025-06-30T14:35:50.337427,tecnocasa.tn,json,sfax,appartement,Sfax,Appartement,active,48513,S+3 en vente,Sfax - Route Teniour,https://www.tecnocasa.tn/vendre/appartement/sfax/sfax/48513.html,370 000 DT,384 000 DT,182 m²,14 000 DT,False,False,False,tn,estate,370000.0,384000.0,182.0,14000.0,ssfx1,,1,https://cdn-media.medialabtc.it/tn/agencies/ssfx1/estates/48513/images/235755/card.jpeg,53271e17e6e77a5c,Sfax - Route Teniour,53271e17e6e77a5c,3-8e600eb32e27df7dd236ad862e55130a,2025-06-30T14:36:01.605883,2025-06-30T14:35:11.533423,"[{'price': 370000, 'date': '2025-06-30T14:35:11.533432'}]",4 pièces
2025-06-30T14:35:50.337437,tecnocasa.tn,json,sfax,appartement,Sfax,Appartement,active,48512,S+2 en vente,Sfax - Route Teniour,https://www.tecnocasa.tn/vendre/appartement/sfax/sfax/48512.html,265 000 DT,276 000 DT,128 m²,11 000 DT,False,False,False,tn,estate,265000.0,276000.0,128.0,11000.0,ssfx1,,1,https://cdn-media.medialabtc.it/tn/agencies/ssfx1/estates/48512/images/229196/card.jpeg,7e501b6c7c509470,Sfax - Route Teniour,7e501b6c7c509470,3-3be6aa9f5f9a31f04c861ff0ba0ffa2b,2025-06-30T14:36:01.611962,2025-06-30T14:35:11.537909,"[{'price': 265000, 'date': '2025-06-30T14:35:11.537916'}]",3 pièces
2025-06-30T14:35:50.337453,tecnocasa.tn,json,sfax,appartement,Sfax,Appartement,active,50483,S+3 en vente,Sfax - Route Teniour,https://www.tecnocasa.tn/vendre/appartement/sfax/sfax/50483.html,325 000 DT,,125 m²,,False,False,False,tn,estate,325000.0,,125.0,,ssfx1,,1,https://cdn-media.medialabtc.it/tn/agencies/ssfx1/estates/50483/images/246821/card.jpeg,4b64e73daa5a3c63,Sfax - Route Teniour,4b64e73daa5a3c63,3-909ff68370f4b56f562f1cbc44dd14b3,2025-06-30T14:36:01.617290,2025-06-30T14:35:11.542557,"[{'price': 325000, 'date': '2025-06-30T14:35:11.542565'}]",4 pièces
2025-06-30T14:35:50.337461,tecnocasa.tn,json,sfax,appartement,Sfax,Appartement,active,49793,S+4 en vente,Sfax - Route Teniour,https://www.tecnocasa.tn/vendre/appartement/sfax/sfax/49793.html,280 000 DT,,200 m²,,False,False,False,tn,estate,280000.0,,200.0,,ssfx1,,1,https://cdn-media.medialabtc.it/tn/agencies/ssfx1/estates/49793/images/242378/card.jpeg,4da1fb6f0259613f,Sfax - Route Teniour,4da1fb6f0259613f,3-6cdd7822aa435b7288db8c497b721a93,2025-06-30T14:36:01.622463,2025-06-30T14:35:11.547632,"[{'price': 280000, 'date': '2025-06-30T14:35:11.547641'}]",5 pièces
2025-06-30T14:35:50.417878,tecnocasa.tn,json,sfax,appartement,Sfax,Appartement,active,53790,S+4 en vente,Sfax - Route Lafrane,https://www.tecnocasa.tn/vendre/appartement/sfax/sfax/53790.html,470 000 DT,,204 m²,,False,False,False,tn,estate,470000.0,,204.0,,ssfx1,,1,https://cdn-media.medialabtc.it/tn/agencies/ssfx1/estates/53790/images/276233/card.jpeg,0e6321126ce043a2,Sfax - Route Lafrane,0e6321126ce043a2,4-55873b43ae8bbf746713b2d795c623ef,2025-06-30T14:36:01.627922,2025-06-30T14:35:11.507697,"[{'price': 470000, 'date': '2025-06-30T14:35:11.507708'}]",5 pièces
2025-06-30T14:35:50.417925,tecnocasa.tn,json,sfax,appartement,Sfax,Appartement,active,55651,S+3 en vente,Sfax - Route Gremda,https://www.tecnocasa.tn/vendre/appartement/sfax/sfax/55651.html,280 000 DT,,144 m²,,False,False,False,tn,estate,280000.0,,144.0,,ssfx1,,1,https://cdn-media.medialabtc.it/tn/agencies/ssfx1/estates/55651/images/294225/card.jpeg,7790252a96c32315,Sfax - Route Gremda,7790252a96c32315,4-7d44ffa75fc02c9b2e668c0c69229515,2025-06-30T14:36:01.633059,2025-06-30T14:35:11.513154,"[{'price': 280000, 'date': '2025-06-30T14:35:11.513162'}]",
2025-06-30T14:35:50.417936,tecnocasa.tn,json,sfax,appartement,Sfax,Appartement,active,55413,S+2 en vente,Sfax - Bouzayen,https://www.tecnocasa.tn/vendre/appartement/sfax/sfax/55413.html,275 000 DT,,120 m²,,False,False,False,tn,estate,275000.0,,120.0,,ssfx1,,1,https://cdn-media.medialabtc.it/tn/agencies/ssfx1/estates/55413/images/292394/card.jpeg,8f6a933757604cba,Sfax - Bouzayen,8f6a933757604cba,4-69603f9775683fbed4717931c0f065bb,2025-06-30T14:36:01.637975,2025-06-30T14:35:11.518876,"[{'price': 275000, 'date': '2025-06-30T14:35:11.518888'}]",3 pièces
2025-06-30T14:35:50.417945,tecnocasa.tn,json,sfax,appartement,Sfax,Appartement,active,49777,S+3 en vente,Sfax - Route Gremda,https://www.tecnocasa.tn/vendre/appartement/sfax/sfax/49777.html,450 000 DT,550 000 DT,250 m²,100 000 DT,False,False,False,tn,estate,450000.0,550000.0,250.0,100000.0,ssfx1,,1,https://cdn-media.medialabtc.it/tn/agencies/ssfx1/estates/49777/images/240146/card.jpeg,1c71bbb0c3c90efb,Sfax - Route Gremda,1c71bbb0c3c90efb,4-156543cf1e5895e41fb54516375a834a,2025-06-30T14:36:01.643194,2025-06-30T14:35:11.523553,"[{'price': 450000, 'date': '2025-06-30T14:35:11.523560'}]",
2025-06-30T14:35:50.417956,tecnocasa.tn,json,sfax,appartement,Sfax,Appartement,active,49201,S+3 en vente,Sfax - Route Lafrane,https://www.tecnocasa.tn/vendre/appartement/sfax/sfax/49201.html,340 000 DT,350 000 DT,165 m²,10 000 DT,False,False,False,tn,estate,340000.0,350000.0,165.0,10000.0,ssfx1,,1,https://cdn-media.medialabtc.it/tn/agencies/ssfx1/estates/49201/images/236049/card.jpeg,717163d6a65d53f6,Sfax - Route Lafrane,717163d6a65d53f6,4-75ffaaa2e144457ca0015e3f91cb168c,2025-06-30T14:36:01.651855,2025-06-30T14:35:11.528482,"[{'price': 340000, 'date': '2025-06-30T14:35:11.528491'}]",
2025-06-30T14:35:50.417967,tecnocasa.tn,json,sfax,appartement,Sfax,Appartement,active,48513,S+3 en vente,Sfax - Route Teniour,https://www.tecnocasa.tn/vendre/appartement/sfax/sfax/48513.html,370 000 DT,384 000 DT,182 m²,14 000 DT,False,False,False,tn,estate,370000.0,384000.0,182.0,14000.0,ssfx1,,1,https://cdn-media.medialabtc.it/tn/agencies/ssfx1/estates/48513/images/235755/card.jpeg,53271e17e6e77a5c,Sfax - Route Teniour,53271e17e6e77a5c,4-a847bd56cb710c4d55d5e8e1b5c66a63,2025-06-30T14:36:01.656884,2025-06-30T14:35:11.533423,"[{'price': 370000, 'date': '2025-06-30T14:35:11.533432'}]",4 pièces
2025-06-30T14:35:50.417978,tecnocasa.tn,json,sfax,appartement,Sfax,Appartement,active,48512,S+2 en vente,Sfax - Route Teniour,https://www.tecnocasa.tn/vendre/appartement/sfax/sfax/48512.html,265 000 DT,276 000 DT,128 m²,11 000 DT,False,False,False,tn,estate,265000.0,276000.0,128.0,11000.0,ssfx1,,1,https://cdn-media.medialabtc.it/tn/agencies/ssfx1/estates/48512/images/229196/card.jpeg,7e501b6c7c509470,Sfax - Route Teniour,7e501b6c7c509470,4-f5826d71b001a47547b8a53e376f9431,2025-06-30T14:36:01.661987,2025-06-30T14:35:11.537909,"[{'price': 265000, 'date': '2025-06-30T14:35:11.537916'}]",3 pièces
2025-06-30T14:35:50.417988,tecnocasa.tn,json,sfax,appartement,Sfax,Appartement,active,50483,S+3 en vente,Sfax - Route Teniour,https://www.tecnocasa.tn/vendre/appartement/sfax/sfax/50483.html,325 000 DT,,125 m²,,False,False,False,tn,estate,325000.0,,125.0,,ssfx1,,1,https://cdn-media.medialabtc.it/tn/agencies/ssfx1/estates/50483/images/246821/card.jpeg,4b64e73daa5a3c63,Sfax - Route Teniour,4b64e73daa5a3c63,4-0efcbae6f0bfe907f9ddc9a0ba51a541,2025-06-30T14:36:01.667069,2025-06-30T14:35:11.542557,"[{'price': 325000, 'date': '2025-06-30T14:35:11.542565'}]",4 pièces
2025-06-30T14:35:50.417996,tecnocasa.tn,json,sfax,appartement,Sfax,Appartement,active,49793,S+4 en vente,Sfax - Route Teniour,https://www.tecnocasa.tn/vendre/appartement/sfax/sfax/49793.html,280 000 DT,,200 m²,,False,False,False,tn,estate,280000.0,,200.0,,ssfx1,,1,https://cdn-media.medialabtc.it/tn/agencies/ssfx1/estates/49793/images/242378/card.jpeg,4da1fb6f0259613f,Sfax - Route Teniour,4da1fb6f0259613f,4-eab02660b34ea343d75167563084a63a,2025-06-30T14:36:01.672015,2025-06-30T14:35:11.547632,"[{'price': 280000, 'date': '2025-06-30T14:35:11.547641'}]",5 pièces
2025-06-30T14:35:55.279402,tecnocasa.tn,json,monastir,terrain,Monastir,Terrain,active,56035,Terrain agricole en vente,"Sahline, Sidi ameur",https://www.tecnocasa.tn/vendre/terrain/monastir/sahline/56035.html,131 220 DT,,2187 m²,,False,False,False,tn,estate,131220.0,,2187.0,,moca4,,1,https://cdn-media.medialabtc.it/tn/agencies/moca4/estates/56035/images/298377/card.jpeg,37ff653577cd48ac,"Sahline, Sidi ameur",37ff653577cd48ac,2-7246038e247330d72cddad1dfe30c921,2025-06-30T14:36:01.677748,2025-06-30T14:35:11.597509,"[{'price': 131220, 'date': '2025-06-30T14:35:11.597517'}]",
2025-06-30T14:35:55.279455,tecnocasa.tn,json,monastir,terrain,Monastir,Terrain,active,52289,Terrain habitation ind. en vente,Bekalta,https://www.tecnocasa.tn/vendre/terrain/monastir/bekalta/52289.html,428 000 DT,450 000 DT,3735 m²,22 000 DT,True,False,False,tn,estate,428000.0,450000.0,3735.0,22000.0,moca9,,1,https://cdn-media.medialabtc.it/tn/agencies/moca9/estates/52289/images/263652/card.jpeg,634d0d24cbd7ccfd,Bekalta,634d0d24cbd7ccfd,2-29839d6c004c2ea366f8c7e554032803,2025-06-30T14:36:01.682830,2025-06-30T14:35:11.601881,"[{'price': 428000, 'date': '2025-06-30T14:35:11.601890'}]",
2025-06-30T14:35:55.279470,tecnocasa.tn,json,monastir,terrain,Monastir,Terrain,active,55985,Terrain habitation ind. en vente,"Sahline, Rue Sahline",https://www.tecnocasa.tn/vendre/terrain/monastir/sahline/55985.html,217 800 DT,,396 m²,,False,False,False,tn,estate,217800.0,,396.0,,moca4,,1,https://cdn-media.medialabtc.it/tn/agencies/moca4/estates/55985/images/297511/card.jpeg,7a15fd9b0d496203,"Sahline, Rue Sahline",7a15fd9b0d496203,2-9ae50c46a43d60a25a3a45386531aeeb,2025-06-30T14:36:01.688706,2025-06-30T14:35:11.606458,"[{'price': 217800, 'date': '2025-06-30T14:35:11.606465'}]",
2025-06-30T14:35:55.279480,tecnocasa.tn,json,monastir,terrain,Monastir,Terrain,active,54217,Terrain habitation collective en vente,Ksar Hellal,https://www.tecnocasa.tn/vendre/terrain/monastir/ksar-hellal/54217.html,"<span class=""trattativaRiservata"">Informations en agence</span>",165 000 DT,397 m²,6 000 DT,False,False,False,tn,estate,,165000.0,397.0,6000.0,moca5,,1,https://cdn-media.medialabtc.it/tn/agencies/moca5/estates/54217/images/280942/card.jpeg,5835efbf5b105c21,Ksar Hellal,5835efbf5b105c21,2-8cd258ecf083640c90b51042b07f41f6,2025-06-30T14:36:01.694789,2025-06-30T14:35:11.611314,[],
2025-06-30T14:35:55.279499,tecnocasa.tn,json,monastir,terrain,Monastir,Terrain,active,53990,Terrain habitation collective en vente,Ksar Hellal,https://www.tecnocasa.tn/vendre/terrain/monastir/ksar-hellal/53990.html,195 000 DT,205 000 DT,257 m²,10 000 DT,True,False,False,tn,estate,195000.0,205000.0,257.0,10000.0,moca5,,1,https://cdn-media.medialabtc.it/tn/agencies/moca5/estates/53990/images/278119/card.jpeg,c8a96342c95589eb,Ksar Hellal,c8a96342c95589eb,2-42b7e8fb776c1e5f567a2f055376c481,2025-06-30T14:36:01.700510,2025-06-30T14:35:11.616222,"[{'price': 195000, 'date': '2025-06-30T14:35:11.616232'}]",
2025-06-30T14:35:55.279511,tecnocasa.tn,json,monastir,terrain,Monastir,Terrain,active,55659,Terrain habitation collective en vente,"Sahline, Ain amara",https://www.tecnocasa.tn/vendre/terrain/monastir/sahline/55659.html,150 000 DT,,424 m²,,False,False,False,tn,estate,150000.0,,424.0,,moca4,,1,https://cdn-media.medialabtc.it/tn/agencies/moca4/estates/55659/images/297205/card.jpeg,edd84c721cd94807,"Sahline, Ain amara",edd84c721cd94807,2-0c1e55536c63c0e323de4e5b958cfade,2025-06-30T14:36:01.706953,2025-06-30T14:35:11.621230,"[{'price': 150000, 'date': '2025-06-30T14:35:11.621238'}]",
2025-06-30T14:35:55.279519,tecnocasa.tn,json,monastir,terrain,Monastir,Terrain,active,55877,Terrain agricole en vente,"Sahline, Manzel khir",https://www.tecnocasa.tn/vendre/terrain/monastir/sahline/55877.html,100 000 DT,,1345 m²,,False,False,False,tn,estate,100000.0,,1345.0,,moca4,,1,https://cdn-media.medialabtc.it/tn/agencies/moca4/estates/55877/images/296915/card.jpeg,5a5aedb96eaca90c,"Sahline, Manzel khir",5a5aedb96eaca90c,2-1b73d02eec542fbc612b161f52d522a7,2025-06-30T14:36:01.713030,2025-06-30T14:35:11.626214,"[{'price': 100000, 'date': '2025-06-30T14:35:11.626225'}]",
2025-06-30T14:35:55.279528,tecnocasa.tn,json,monastir,terrain,Monastir,Terrain,active,55892,Terrain agricole en vente,"Monastir, Rue khniss frina zone 2 - Frina",https://www.tecnocasa.tn/vendre/terrain/monastir/monastir/55892.html,90 000 DT,,289 m²,,False,False,False,tn,estate,90000.0,,289.0,,moca6,,1,https://cdn-media.medialabtc.it/tn/agencies/moca6/estates/55892/images/296371/card.jpeg,c7410d0a1921c855,"Monastir, Rue khniss frina zone 2 - Frina",c7410d0a1921c855,2-7634478def25d0c5e1c1e54d0770d93f,2025-06-30T14:36:01.718515,2025-06-30T14:35:11.631553,"[{'price': 90000, 'date': '2025-06-30T14:35:11.631561'}]",
2025-06-30T14:35:55.279536,tecnocasa.tn,json,monastir,terrain,Monastir,Terrain,active,54949,Terrain habitation ind. en vente,"Teboulba, Beach pavillion 1 [1], 5080 TÉBOULBA (ms)",https://www.tecnocasa.tn/vendre/terrain/monastir/teboulba/54949.html,385 000 DT,,700 m²,,False,False,False,tn,estate,385000.0,,700.0,,moca8,,1,https://cdn-media.medialabtc.it/tn/agencies/moca8/estates/54949/images/296389/card.jpeg,089b957814383f0f,"Teboulba, Beach pavillion 1 [1], 5080 TÉBOULBA (ms)",089b957814383f0f,2-b0234e556244eef0c2c5718a2f2bf043,2025-06-30T14:36:01.723648,2025-06-30T14:35:11.639863,"[{'price': 385000, 'date': '2025-06-30T14:35:11.639870'}]",
2025-06-30T14:35:55.279549,tecnocasa.tn,json,monastir,terrain,Monastir,Terrain,active,52837,Terrain habitation ind. en vente,"Teboulba, Rue fadheline",https://www.tecnocasa.tn/vendre/terrain/monastir/teboulba/52837.html,441 200 DT,,1103 m²,,False,False,False,tn,estate,441200.0,,1103.0,,moca8,,1,https://cdn-media.medialabtc.it/tn/agencies/moca8/estates/52837/images/267821/card.jpeg,325c1021b0512ab8,"Teboulba, Rue fadheline",325c1021b0512ab8,2-1b2ff45614eedfa5191b470323de8551,2025-06-30T14:36:01.729078,2025-06-30T14:35:11.644823,"[{'price': 441200, 'date': '2025-06-30T14:35:11.644832'}]",
2025-06-30T14:35:55.279559,tecnocasa.tn,json,monastir,terrain,Monastir,Terrain,active,55742,Terrain habitation ind. en vente,Monastir - Skanes La Falaise,https://www.tecnocasa.tn/vendre/terrain/monastir/monastir/55742.html,715 200 DT,,596 m²,,False,False,False,tn,estate,715200.0,,596.0,,moca1,,1,https://cdn-media.medialabtc.it/tn/agencies/moca1/estates/55742/images/295288/card.jpeg,01b0b71a24b6491e,Monastir - Skanes La Falaise,01b0b71a24b6491e,2-c8ddfcd6f51ca2bafd113a7a81b0829f,2025-06-30T14:36:01.733986,2025-06-30T14:35:11.649320,"[{'price': 715200, 'date': '2025-06-30T14:35:11.649330'}]",
2025-06-30T14:35:55.279566,tecnocasa.tn,json,monastir,terrain,Monastir,Terrain,active,52015,Terrain agricole en vente,"Bekalta, Rue Dimess",https://www.tecnocasa.tn/vendre/terrain/monastir/bekalta/52015.html,220 000 DT,,687 m²,,False,False,False,tn,estate,220000.0,,687.0,,moca9,,1,https://cdn-media.medialabtc.it/tn/agencies/moca9/estates/52015/images/263648/card.jpeg,e34fc728a1a50368,"Bekalta, Rue Dimess",e34fc728a1a50368,2-a6e21ee3b51f4b847b2a0a92a42e7b96,2025-06-30T14:36:01.739189,2025-06-30T14:35:11.654175,"[{'price': 220000, 'date': '2025-06-30T14:35:11.654183'}]",
2025-06-30T14:35:55.279574,tecnocasa.tn,json,monastir,terrain,Monastir,Terrain,active,55453,Terrain habitation ind. en vente,Monastir - Cité Erriadh,https://www.tecnocasa.tn/vendre/terrain/monastir/monastir/55453.html,345 000 DT,340 000 DT,299 m²,-5 000 DT,False,False,False,tn,estate,345000.0,340000.0,299.0,5000.0,moca1,,1,https://cdn-media.medialabtc.it/tn/agencies/moca1/estates/55453/images/293201/card.jpeg,3fa7444ddd5aa9ad,Monastir - Cité Erriadh,3fa7444ddd5aa9ad,2-ddc81aedfe73307930e137a9253cda8f,2025-06-30T14:36:01.744695,2025-06-30T14:35:11.658451,"[{'price': 345000, 'date': '2025-06-30T14:35:11.658458'}]",
2025-06-30T14:35:55.279584,tecnocasa.tn,json,monastir,terrain,Monastir,Terrain,active,54942,Terrain habitation ind. en vente,"Teboulba, Beach pavillion 1 [1], 5080 TÉBOULBA (ms)",https://www.tecnocasa.tn/vendre/terrain/monastir/teboulba/54942.html,666 000 DT,,1200 m²,,False,False,False,tn,estate,666000.0,,1200.0,,moca8,,1,https://cdn-media.medialabtc.it/tn/agencies/moca8/estates/54942/images/293712/card.jpeg,6d0ffe56d626856c,"Teboulba, Beach pavillion 1 [1], 5080 TÉBOULBA (ms)",6d0ffe56d626856c,2-cb00db6b5f7d65ced762755254049104,2025-06-30T14:36:01.755441,2025-06-30T14:35:11.663150,"[{'price': 666000, 'date': '2025-06-30T14:35:11.663159'}]",
2025-06-30T14:35:55.279592,tecnocasa.tn,json,monastir,terrain,Monastir,Terrain,active,55509,Terrain habitation collective en vente,"Teboulba, Fadhelin 7 [7], 5080 TÉBOULBA (ms)",https://www.tecnocasa.tn/vendre/terrain/monastir/teboulba/55509.html,850 000 DT,,1700 m²,,False,False,False,tn,estate,850000.0,,1700.0,,moca8,,1,https://cdn-media.medialabtc.it/tn/agencies/moca8/estates/55509/images/293737/card.jpeg,c9eabf521f60b592,"Teboulba, Fadhelin 7 [7], 5080 TÉBOULBA (ms)",c9eabf521f60b592,2-e104241dbbfdf873ab6ede8f5e365b5e,2025-06-30T14:36:01.760604,2025-06-30T14:35:11.667821,"[{'price': 850000, 'date': '2025-06-30T14:35:11.667828'}]",
2025-06-30T14:35:55.363157,tecnocasa.tn,json,monastir,terrain,Monastir,Terrain,active,54828,Terrain habitation ind. en vente,"Teboulba, Avenue taieb el mheri moknine",https://www.tecnocasa.tn/vendre/terrain/monastir/teboulba/54828.html,60 000 DT,,302 m²,,False,False,False,tn,estate,60000.0,,302.0,,moca8,,1,https://cdn-media.medialabtc.it/tn/agencies/moca8/estates/54828/images/293622/card.jpeg,b50d8daac84c2c23,"Teboulba, Avenue taieb el mheri moknine",b50d8daac84c2c23,2-47e64b0dded7746af59e65ebc99ed17a,2025-06-30T14:36:01.765501,2025-06-30T14:35:11.672474,"[{'price': 60000, 'date': '2025-06-30T14:35:11.672481'}]",
2025-06-30T14:35:55.363203,tecnocasa.tn,json,monastir,terrain,Monastir,Terrain,active,55243,Terrain agricole en vente,"Teboulba, Rue  rass hriz",https://www.tecnocasa.tn/vendre/terrain/monastir/teboulba/55243.html,920 368 DT,,11224 m²,,False,False,False,tn,estate,920368.0,,11224.0,,moca8,,1,https://cdn-media.medialabtc.it/tn/agencies/moca8/estates/55243/images/293602/card.jpeg,1fa2ad616b05b6e5,"Teboulba, Rue  rass hriz",1fa2ad616b05b6e5,2-d1a1ab2d0d4a7528561695a7e6e12546,2025-06-30T14:36:01.770409,2025-06-30T14:35:11.677346,"[{'price': 920368, 'date': '2025-06-30T14:35:11.677355'}]",
2025-06-30T14:35:55.363216,tecnocasa.tn,json,monastir,terrain,Monastir,Terrain,active,55387,Terrain habitation collective en vente,Ksar Hellal,https://www.tecnocasa.tn/vendre/terrain/monastir/ksar-hellal/55387.html,365 000 DT,230 000 DT,921 m²,-135 000 DT,False,False,False,tn,estate,365000.0,230000.0,921.0,135000.0,moca5,,1,https://cdn-media.medialabtc.it/tn/agencies/moca5/estates/55387/images/291893/card.jpeg,90fa6577127ff29a,Ksar Hellal,90fa6577127ff29a,2-56afef61b15d5fbe5e02f22f6d489fcf,2025-06-30T14:36:01.775468,2025-06-30T14:35:11.681894,"[{'price': 365000, 'date': '2025-06-30T14:35:11.681901'}]",
2025-06-30T14:35:55.363229,tecnocasa.tn,json,monastir,terrain,Monastir,Terrain,active,53490,Terrain habitation ind. en vente,"Monastir, Rue mahmoud abbes - Skanes",https://www.tecnocasa.tn/vendre/terrain/monastir/monastir/53490.html,280 000 DT,,235 m²,,False,False,False,tn,estate,280000.0,,235.0,,moca3,,1,https://cdn-media.medialabtc.it/tn/agencies/moca3/estates/53490/images/292243/card.jpeg,8dda348e35eec68b,"Monastir, Rue mahmoud abbes - Skanes",8dda348e35eec68b,2-5ed768c7c75e1cba39f98269c8cc3374,2025-06-30T14:36:01.780760,2025-06-30T14:35:11.686889,"[{'price': 280000, 'date': '2025-06-30T14:35:11.686897'}]",
2025-06-30T14:35:55.363237,tecnocasa.tn,json,monastir,terrain,Monastir,Terrain,active,54813,Terrain habitation ind. en vente,"Monastir, Rue mahmoud abbes - Skanes",https://www.tecnocasa.tn/vendre/terrain/monastir/monastir/54813.html,330 000 DT,,236 m²,,False,False,False,tn,estate,330000.0,,236.0,,moca3,,1,https://cdn-media.medialabtc.it/tn/agencies/moca3/estates/54813/images/292240/card.jpeg,d8937583021ba49b,"Monastir, Rue mahmoud abbes - Skanes",d8937583021ba49b,2-c98440865ea47a53f23626c609b45858,2025-06-30T14:36:01.785745,2025-06-30T14:35:11.691618,"[{'price': 330000, 'date': '2025-06-30T14:35:11.691624'}]",
2025-06-30T14:35:55.363247,tecnocasa.tn,json,monastir,terrain,Monastir,Terrain,active,55377,Terrain habitation collective en vente,"Monastir, Ksibet El Mediouni - Ksibet El Mediouni",https://www.tecnocasa.tn/vendre/terrain/monastir/monastir/55377.html,120 000 DT,,120 m²,,False,False,False,tn,estate,120000.0,,120.0,,moca6,,1,https://cdn-media.medialabtc.it/tn/agencies/moca6/estates/55377/images/291770/card.jpeg,3a5bd8388a8cef16,"Monastir, Ksibet El Mediouni - Ksibet El Mediouni",3a5bd8388a8cef16,2-390119b8e01f1bc5ed959cc7879713df,2025-06-30T14:36:01.790507,2025-06-30T14:35:11.696668,"[{'price': 120000, 'date': '2025-06-30T14:35:11.696677'}]",
2025-06-30T14:35:55.363255,tecnocasa.tn,json,monastir,terrain,Monastir,Terrain,active,55322,Terrain habitation ind. en vente,"Monastir, Nadhour, Ksibet elmediouni - Ksibet El Mediouni",https://www.tecnocasa.tn/vendre/terrain/monastir/monastir/55322.html,90 000 DT,,178 m²,,False,False,False,tn,estate,90000.0,,178.0,,moca6,,1,https://cdn-media.medialabtc.it/tn/agencies/moca6/estates/55322/images/291355/card.jpeg,4cdb7a48e75c2403,"Monastir, Nadhour, Ksibet elmediouni - Ksibet El Mediouni",4cdb7a48e75c2403,2-c0455fcb6a132bc7ae4351a22ec7002a,2025-06-30T14:36:01.795570,2025-06-30T14:35:11.701511,"[{'price': 90000, 'date': '2025-06-30T14:35:11.701519'}]",
2025-06-30T14:35:55.363265,tecnocasa.tn,json,monastir,terrain,Monastir,Terrain,active,53631,Terrain agricole en vente,Bekalta,https://www.tecnocasa.tn/vendre/terrain/monastir/bekalta/53631.html,"<span class=""trattativaRiservata"">Informations en agence</span>",,1250 m²,,False,False,False,tn,estate,,,1250.0,,moca9,,1,https://cdn-media.medialabtc.it/tn/agencies/moca9/estates/53631/images/286519/card.jpeg,032ef28a3af1d9ea,Bekalta,032ef28a3af1d9ea,2-f10a6361fb9f1d476ebe43e37e9b2acc,2025-06-30T14:36:01.800607,2025-06-30T14:35:11.706314,[],
2025-06-30T14:35:55.363283,tecnocasa.tn,json,monastir,terrain,Monastir,Terrain,active,54376,Terrain habitation ind. en vente,"Bekalta, Hmedet Younes",https://www.tecnocasa.tn/vendre/terrain/monastir/bekalta/54376.html,47 000 DT,,169 m²,,False,False,False,tn,estate,47000.0,,169.0,,moca9,,1,https://cdn-media.medialabtc.it/tn/agencies/moca9/estates/54376/images/286505/card.jpeg,e4110488fd363f25,"Bekalta, Hmedet Younes",e4110488fd363f25,2-98e339497fcac5b10ecdc5067861e755,2025-06-30T14:36:01.805444,2025-06-30T14:35:11.711017,"[{'price': 47000, 'date': '2025-06-30T14:35:11.711025'}]",
2025-06-30T14:35:55.363292,tecnocasa.tn,json,monastir,terrain,Monastir,Terrain,active,54829,Terrain agricole en vente,Bekalta,https://www.tecnocasa.tn/vendre/terrain/monastir/bekalta/54829.html,"<span class=""trattativaRiservata"">Informations en agence</span>",,6582 m²,,False,False,False,tn,estate,,,6582.0,,moca9,,1,https://cdn-media.medialabtc.it/tn/agencies/moca9/estates/54829/images/286504/card.jpeg,8625378a978b52dd,Bekalta,8625378a978b52dd,2-89062d6ce451f0e64c9e415f11c07582,2025-06-30T14:36:01.810798,2025-06-30T14:35:11.715995,[],
2025-06-30T14:35:55.363307,tecnocasa.tn,json,monastir,terrain,Monastir,Terrain,active,50875,Terrain habitation collective en vente,Ksar Hellal,https://www.tecnocasa.tn/vendre/terrain/monastir/ksar-hellal/50875.html,287 000 DT,290 000 DT,586 m²,3 000 DT,False,False,False,tn,estate,287000.0,290000.0,586.0,3000.0,moca5,,1,https://cdn-media.medialabtc.it/tn/agencies/moca5/estates/50875/images/250836/card.jpeg,02471315b930e140,Ksar Hellal,02471315b930e140,2-dc9e7a12b617d35945b08d051236b927,2025-06-30T14:36:01.825562,2025-06-30T14:35:11.721251,"[{'price': 287000, 'date': '2025-06-30T14:35:11.721259'}]",
2025-06-30T14:35:55.363318,tecnocasa.tn,json,monastir,terrain,Monastir,Terrain,active,49875,Terrain habitation collective en vente,Ksar Hellal,https://www.tecnocasa.tn/vendre/terrain/monastir/ksar-hellal/49875.html,840 000 DT,850 000 DT,1062 m²,10 000 DT,False,False,False,tn,estate,840000.0,850000.0,1062.0,10000.0,moca5,,1,https://cdn-media.medialabtc.it/tn/agencies/moca5/estates/49875/images/241528/card.jpeg,9fb8b8da10f6ba90,Ksar Hellal,9fb8b8da10f6ba90,2-1d5c79f92fd971f29e15437427a21156,2025-06-30T14:36:01.831131,2025-06-30T14:35:11.725716,"[{'price': 840000, 'date': '2025-06-30T14:35:11.725723'}]",
2025-06-30T14:35:55.363329,tecnocasa.tn,json,monastir,terrain,Monastir,Terrain,active,55161,Terrain agricole en vente,"Monastir, Rue Zone Frina 2 - Frina",https://www.tecnocasa.tn/vendre/terrain/monastir/monastir/55161.html,110 000 DT,,343 m²,,False,False,False,tn,estate,110000.0,,343.0,,moca6,,1,https://cdn-media.medialabtc.it/tn/agencies/moca6/estates/55161/images/289251/card.jpeg,1b26e9ac3471047b,"Monastir, Rue Zone Frina 2 - Frina",1b26e9ac3471047b,2-1dd2167246bb7225601c67b0429bcb0c,2025-06-30T14:36:01.836548,2025-06-30T14:35:11.730582,"[{'price': 110000, 'date': '2025-06-30T14:35:11.730590'}]",
2025-06-30T14:35:55.363337,tecnocasa.tn,json,monastir,terrain,Monastir,Terrain,active,49784,Terrain habitation ind. en vente,"Monastir, Ksibet el mediouni cité nadhour - Ksibet El Mediouni",https://www.tecnocasa.tn/vendre/terrain/monastir/monastir/49784.html,240 000 DT,280 000 DT,1050 m²,40 000 DT,True,False,False,tn,estate,240000.0,280000.0,1050.0,40000.0,moca6,,1,https://cdn-media.medialabtc.it/tn/agencies/moca6/estates/49784/images/268345/card.jpeg,6edd5f8c6c3075f6,"Monastir, Ksibet el mediouni cité nadhour - Ksibet El Mediouni",6edd5f8c6c3075f6,2-a649614df26bbd8ed5976733d767710d,2025-06-30T14:36:01.842604,2025-06-30T14:35:11.735522,"[{'price': 240000, 'date': '2025-06-30T14:35:11.735530'}]",
2025-06-30T14:35:55.363347,tecnocasa.tn,json,monastir,terrain,Monastir,Terrain,active,53287,Terrain habitation ind. en vente,"Bekalta, Rue mohamed taii",https://www.tecnocasa.tn/vendre/terrain/monastir/bekalta/53287.html,51 000 DT,,182 m²,,False,False,False,tn,estate,51000.0,,182.0,,moca9,,1,https://cdn-media.medialabtc.it/tn/agencies/moca9/estates/53287/images/286312/card.jpeg,34f8a387685d9cb2,"Bekalta, Rue mohamed taii",34f8a387685d9cb2,2-c3451b932c443e57519509df005356d0,2025-06-30T14:36:01.848641,2025-06-30T14:35:11.740318,"[{'price': 51000, 'date': '2025-06-30T14:35:11.740327'}]",
2025-06-30T14:35:58.078593,tecnocasa.tn,json,monastir,appartement,Monastir,Appartement,active,55999,S+2 en vente,Bekalta,https://www.tecnocasa.tn/vendre/appartement/monastir/bekalta/55999.html,180 000 DT,,100 m²,,False,False,False,tn,estate,180000.0,,100.0,,moca9,,1,https://cdn-media.medialabtc.it/tn/agencies/moca9/estates/55999/images/298221/card.jpeg,d8e9758aa1236ab5,Bekalta,d8e9758aa1236ab5,2-e732262e07b473f226b4d9fe949666e2,2025-06-30T14:36:01.862339,2025-06-30T14:35:11.745063,"[{'price': 180000, 'date': '2025-06-30T14:35:11.745072'}]",2 pièces
2025-06-30T14:35:58.078645,tecnocasa.tn,json,monastir,appartement,Monastir,Appartement,active,53195,S+2 en vente,"Bekalta, Rue chraff",https://www.tecnocasa.tn/vendre/appartement/monastir/bekalta/53195.html,170 000 DT,,120 m²,,False,False,False,tn,estate,170000.0,,120.0,,moca9,,1,https://cdn-media.medialabtc.it/tn/agencies/moca9/estates/53195/images/286770/card.jpeg,8b392f249d40c8d0,"Bekalta, Rue chraff",8b392f249d40c8d0,2-fb190816e869c9d87deadb890e6fa6ee,2025-06-30T14:36:01.868903,2025-06-30T14:35:11.750428,"[{'price': 170000, 'date': '2025-06-30T14:35:11.750438'}]",2 pièces
2025-06-30T14:35:58.078657,tecnocasa.tn,json,monastir,appartement,Monastir,Appartement,active,53392,S+3 en vente,Monastir - Cité El Agba,https://www.tecnocasa.tn/vendre/appartement/monastir/monastir/53392.html,560 000 DT,,191 m²,,False,False,False,tn,estate,560000.0,,191.0,,moca2,,1,https://cdn-media.medialabtc.it/tn/agencies/moca2/estates/53392/images/297786/card.jpeg,6936a198333a5bdd,Monastir - Cité El Agba,6936a198333a5bdd,2-500c30d13f5557deb733c68de42daff1,2025-06-30T14:36:01.874891,2025-06-30T14:35:11.755634,"[{'price': 560000, 'date': '2025-06-30T14:35:11.755641'}]",4 pièces
2025-06-30T14:35:58.078666,tecnocasa.tn,json,monastir,appartement,Monastir,Appartement,active,55396,S+2 en vente,Monastir - Cité El Agba,https://www.tecnocasa.tn/vendre/appartement/monastir/monastir/55396.html,525 000 DT,,121 m²,,False,False,False,tn,estate,525000.0,,121.0,,moca2,,1,https://cdn-media.medialabtc.it/tn/agencies/moca2/estates/55396/images/297785/card.jpeg,525d5208d1a8b203,Monastir - Cité El Agba,525d5208d1a8b203,2-d4729e32a0c50e49ef25dd5d273a51f3,2025-06-30T14:36:01.880396,2025-06-30T14:35:11.760377,"[{'price': 525000, 'date': '2025-06-30T14:35:11.760386'}]",3 pièces
2025-06-30T14:35:58.078674,tecnocasa.tn,json,monastir,appartement,Monastir,Appartement,active,55471,S+3 en vente,Monastir - Cité El Agba,https://www.tecnocasa.tn/vendre/appartement/monastir/monastir/55471.html,510 000 DT,,154 m²,,False,False,False,tn,estate,510000.0,,154.0,,moca2,,1,https://cdn-media.medialabtc.it/tn/agencies/moca2/estates/55471/images/297763/card.jpeg,e51854869c5ae7f4,Monastir - Cité El Agba,e51854869c5ae7f4,2-f6f5c3ac2a513992ae0e8bffbf0a0072,2025-06-30T14:36:01.888637,2025-06-30T14:35:11.765307,"[{'price': 510000, 'date': '2025-06-30T14:35:11.765319'}]",4 pièces
2025-06-30T14:35:58.078682,tecnocasa.tn,json,monastir,appartement,Monastir,Appartement,active,53096,S+2 en vente,Monastir - Cité Erriadh,https://www.tecnocasa.tn/vendre/appartement/monastir/monastir/53096.html,195 000 DT,200 000 DT,90 m²,5 000 DT,True,False,False,tn,estate,195000.0,200000.0,90.0,5000.0,moca1,,1,https://cdn-media.medialabtc.it/tn/agencies/moca1/estates/53096/images/288269/card.jpeg,4a0920121894cb51,Monastir - Cité Erriadh,4a0920121894cb51,2-b3e640838ee19d6c6c21debeecda44b6,2025-06-30T14:36:01.902710,2025-06-30T14:35:11.770356,"[{'price': 195000, 'date': '2025-06-30T14:35:11.770364'}]",3 pièces
2025-06-30T14:35:58.078694,tecnocasa.tn,json,monastir,appartement,Monastir,Appartement,active,55380,Duplex en vente,Monastir - Monastir Centre-Ville,https://www.tecnocasa.tn/vendre/appartement/monastir/monastir/55380.html,135 000 DT,135 DT,70 m²,-134 865 DT,False,False,False,tn,estate,135000.0,135.0,70.0,134865.0,moca1,,1,https://cdn-media.medialabtc.it/tn/agencies/moca1/estates/55380/images/297083/card.jpeg,69c9b0730c91b3bc,Monastir - Monastir Centre-Ville,69c9b0730c91b3bc,2-dce4db56f6aa0fc7400366088994123f,2025-06-30T14:36:01.908134,2025-06-30T14:35:11.774899,"[{'price': 135000, 'date': '2025-06-30T14:35:11.774907'}]",
2025-06-30T14:35:58.078705,tecnocasa.tn,json,monastir,appartement,Monastir,Appartement,active,53853,S+2 en vente,"Monastir, 18 Janvier, Houmet Jbel, Ksibet Elmediouni, Monastir - Ksibet El Mediouni",https://www.tecnocasa.tn/vendre/appartement/monastir/monastir/53853.html,230 000 DT,260 000 DT,125 m²,30 000 DT,True,False,False,tn,estate,230000.0,260000.0,125.0,30000.0,moca6,,1,https://cdn-media.medialabtc.it/tn/agencies/moca6/estates/53853/images/276778/card.jpeg,0399be44af5f4754,"Monastir, 18 Janvier, Houmet Jbel, Ksibet Elmediouni, Monastir - Ksibet El Mediouni",0399be44af5f4754,2-7f824159d113bc41c6dae6359da66cd4,2025-06-30T14:36:01.914235,2025-06-30T14:35:11.779770,"[{'price': 230000, 'date': '2025-06-30T14:35:11.779778'}]",2 pièces
2025-06-30T14:35:58.078716,tecnocasa.tn,json,monastir,appartement,Monastir,Appartement,active,51742,S+3 en vente,"Monastir, Rue Kssar Ben Jaad - Cité El Omrane",https://www.tecnocasa.tn/vendre/appartement/monastir/monastir/51742.html,145 000 DT,,99 m²,,False,False,False,tn,estate,145000.0,,99.0,,moca7,,1,https://cdn-media.medialabtc.it/tn/agencies/moca7/estates/51742/images/296194/card.jpeg,a583efcc08d790db,"Monastir, Rue Kssar Ben Jaad - Cité El Omrane",a583efcc08d790db,2-e42415dad8126b5b25a1b76e87eecd31,2025-06-30T14:36:01.921539,2025-06-30T14:35:11.785381,"[{'price': 145000, 'date': '2025-06-30T14:35:11.785396'}]",3 pièces
2025-06-30T14:35:58.078724,tecnocasa.tn,json,monastir,appartement,Monastir,Appartement,active,46456,S+2 en vente,"Monastir, Lotissement jinen elouest zone touristique - Zone Touristique Monastir",https://www.tecnocasa.tn/vendre/appartement/monastir/monastir/46456.html,540 000 DT,570 000 DT,103 m²,30 000 DT,True,False,False,tn,estate,540000.0,570000.0,103.0,30000.0,moca3,,1,https://cdn-media.medialabtc.it/tn/agencies/moca3/estates/46456/images/295775/card.jpeg,2dbd99a28ccddea6,"Monastir, Lotissement jinen elouest zone touristique - Zone Touristique Monastir",2dbd99a28ccddea6,2-c44a0d2bff737ee8bee0712a1dc2680b,2025-06-30T14:36:01.928160,2025-06-30T14:35:11.790230,"[{'price': 540000, 'date': '2025-06-30T14:35:11.790238'}]",3 pièces
2025-06-30T14:35:58.078734,tecnocasa.tn,json,monastir,appartement,Monastir,Appartement,active,41982,S+1 en vente,"Monastir, Skanes presidentiel - Skanes",https://www.tecnocasa.tn/vendre/appartement/monastir/monastir/41982.html,265 000 DT,,75 m²,,False,False,False,tn,estate,265000.0,,75.0,,moca3,,1,https://cdn-media.medialabtc.it/tn/agencies/moca3/estates/41982/images/189232/card.jpeg,2436df1568fc42c7,"Monastir, Skanes presidentiel - Skanes",2436df1568fc42c7,2-cd644122d185ecd89c9ce01d214772b6,2025-06-30T14:36:01.934107,2025-06-30T14:35:11.795942,"[{'price': 265000, 'date': '2025-06-30T14:35:11.795952'}]",2 pièces
2025-06-30T14:35:58.078742,tecnocasa.tn,json,monastir,appartement,Monastir,Appartement,active,42651,S+2 en vente,"Monastir, Rue skanes tbaka 2 - Skanes",https://www.tecnocasa.tn/vendre/appartement/monastir/monastir/42651.html,260 000 DT,,85 m²,,False,False,False,tn,estate,260000.0,,85.0,,moca3,,1,https://cdn-media.medialabtc.it/tn/agencies/moca3/estates/42651/images/191802/card.jpeg,785151fd3b61ca89,"Monastir, Rue skanes tbaka 2 - Skanes",785151fd3b61ca89,2-d576941d1629ff82a404711e5304a037,2025-06-30T14:36:01.942950,2025-06-30T14:35:11.801317,"[{'price': 260000, 'date': '2025-06-30T14:35:11.801326'}]",3 pièces
2025-06-30T14:35:58.078750,tecnocasa.tn,json,monastir,appartement,Monastir,Appartement,active,55567,S+2 en vente,Monastir - Monastir Centre-Ville,https://www.tecnocasa.tn/vendre/appartement/monastir/monastir/55567.html,240 000 DT,,88 m²,,False,False,False,tn,estate,240000.0,,88.0,,moca1,,1,https://cdn-media.medialabtc.it/tn/agencies/moca1/estates/55567/images/295344/card.jpeg,bcd16cda8ac11eca,Monastir - Monastir Centre-Ville,bcd16cda8ac11eca,2-eaffa06c1ed4bdb90d4b978b3e555ab3,2025-06-30T14:36:01.948350,2025-06-30T14:35:11.806190,"[{'price': 240000, 'date': '2025-06-30T14:35:11.806196'}]",3 pièces
2025-06-30T14:35:58.078757,tecnocasa.tn,json,monastir,appartement,Monastir,Appartement,active,55702,S+2 en vente,"Monastir, Zone touristique - Zone Touristique Monastir",https://www.tecnocasa.tn/vendre/appartement/monastir/monastir/55702.html,480 000 DT,,123 m²,,False,False,False,tn,estate,480000.0,,123.0,,moca3,,1,https://cdn-media.medialabtc.it/tn/agencies/moca3/estates/55702/images/294588/card.jpeg,ec7003b6c2bc0b7a,"Monastir, Zone touristique - Zone Touristique Monastir",ec7003b6c2bc0b7a,2-dd95b9ef8c53d2a69a290894c2a2bd0e,2025-06-30T14:36:01.954928,2025-06-30T14:35:11.811126,"[{'price': 480000, 'date': '2025-06-30T14:35:11.811134'}]",3 pièces
2025-06-30T14:35:58.078765,tecnocasa.tn,json,monastir,appartement,Monastir,Appartement,active,55175,S+2 en vente,Ksar Hellal,https://www.tecnocasa.tn/vendre/appartement/monastir/ksar-hellal/55175.html,70 000 DT,,90 m²,,False,False,False,tn,estate,70000.0,,90.0,,moca5,,1,https://cdn-media.medialabtc.it/tn/agencies/moca5/estates/55175/images/294003/card.jpeg,7d3c8d393666b1bd,Ksar Hellal,7d3c8d393666b1bd,2-a045d369925d1af5a3d08d1e743f7c53,2025-06-30T14:36:01.960745,2025-06-30T14:35:11.815744,"[{'price': 70000, 'date': '2025-06-30T14:35:11.815755'}]",3 pièces
2025-06-30T14:35:58.156117,tecnocasa.tn,json,monastir,appartement,Monastir,Appartement,active,55482,Duplex en vente,"Monastir, Rue chkoll - Monastir Centre-Ville",https://www.tecnocasa.tn/vendre/appartement/monastir/monastir/55482.html,135 000 DT,,35 m²,,False,False,False,tn,estate,135000.0,,35.0,,moca7,,1,https://cdn-media.medialabtc.it/tn/agencies/moca7/estates/55482/images/293353/card.jpeg,3ff12868d42cc652,"Monastir, Rue chkoll - Monastir Centre-Ville",3ff12868d42cc652,2-2b134c15e5f5c463933ed54dc9bdba81,2025-06-30T14:36:01.966496,2025-06-30T14:35:11.820780,"[{'price': 135000, 'date': '2025-06-30T14:35:11.820789'}]",
2025-06-30T14:35:58.156162,tecnocasa.tn,json,monastir,appartement,Monastir,Appartement,active,55222,Duplex en vente,Monastir - Cité Erriadh,https://www.tecnocasa.tn/vendre/appartement/monastir/monastir/55222.html,750 000 DT,,195 m²,,False,False,False,tn,estate,750000.0,,195.0,,moca1,,1,https://cdn-media.medialabtc.it/tn/agencies/moca1/estates/55222/images/293062/card.jpeg,7dcc24742fafb511,Monastir - Cité Erriadh,7dcc24742fafb511,2-dbc1c747552f1caa706cb0f1d4ea5eb4,2025-06-30T14:36:01.980632,2025-06-30T14:35:11.825481,"[{'price': 750000, 'date': '2025-06-30T14:35:11.825490'}]",
2025-06-30T14:35:58.156173,tecnocasa.tn,json,monastir,appartement,Monastir,Appartement,active,42442,S+1 en vente,"Monastir, Rue de Paon, Frina, - Frina",https://www.tecnocasa.tn/vendre/appartement/monastir/monastir/42442.html,135 000 DT,130 000 DT,47 m²,-5 000 DT,False,False,False,tn,estate,135000.0,130000.0,47.0,5000.0,moca6,,1,https://cdn-media.medialabtc.it/tn/agencies/moca6/estates/42442/images/292727/card.jpeg,dafdc86db777dcec,"Monastir, Rue de Paon, Frina, - Frina",dafdc86db777dcec,2-25ecf3cd7af5665fe8764821aa034c0d,2025-06-30T14:36:01.987463,2025-06-30T14:35:11.831115,"[{'price': 135000, 'date': '2025-06-30T14:35:11.831123'}]",2 pièces
2025-06-30T14:35:58.156185,tecnocasa.tn,json,monastir,appartement,Monastir,Appartement,active,55218,Triplex en vente,Monastir - Cité Erriadh,https://www.tecnocasa.tn/vendre/appartement/monastir/monastir/55218.html,540 000 DT,550 000 DT,150 m²,10 000 DT,True,False,False,tn,estate,540000.0,550000.0,150.0,10000.0,moca1,,1,https://cdn-media.medialabtc.it/tn/agencies/moca1/estates/55218/images/291748/card.jpeg,0649265a8986d805,Monastir - Cité Erriadh,0649265a8986d805,2-f3ebcab63ef87ba2e36e1fa686b006e1,2025-06-30T14:36:01.992662,2025-06-30T14:35:11.835743,"[{'price': 540000, 'date': '2025-06-30T14:35:11.835750'}]",3 pièces
2025-06-30T14:35:58.156196,tecnocasa.tn,json,monastir,appartement,Monastir,Appartement,active,55346,Duplex en vente,"Monastir, Rue al yasamine - Cité El Omrane",https://www.tecnocasa.tn/vendre/appartement/monastir/monastir/55346.html,370 000 DT,,168 m²,,False,False,False,tn,estate,370000.0,,168.0,,moca7,,1,https://cdn-media.medialabtc.it/tn/agencies/moca7/estates/55346/images/292155/card.jpeg,0946e70c101e5c4c,"Monastir, Rue al yasamine - Cité El Omrane",0946e70c101e5c4c,2-393aec1bedae1895550ece86c04bb973,2025-06-30T14:36:01.997903,2025-06-30T14:35:11.840351,"[{'price': 370000, 'date': '2025-06-30T14:35:11.840360'}]",2 pièces
2025-06-30T14:35:58.156205,tecnocasa.tn,json,monastir,appartement,Monastir,Appartement,active,54887,S+3 en vente,"Monastir, Rue mahmoud abes - Skanes",https://www.tecnocasa.tn/vendre/appartement/monastir/monastir/54887.html,380 000 DT,,117 m²,,False,False,False,tn,estate,380000.0,,117.0,,moca3,,1,https://cdn-media.medialabtc.it/tn/agencies/moca3/estates/54887/images/292261/card.jpeg,ef21453e50ae10d0,"Monastir, Rue mahmoud abes - Skanes",ef21453e50ae10d0,2-7f04ca2f04ee0302b294de6c322ed727,2025-06-30T14:36:02.004613,2025-06-30T14:35:11.845878,"[{'price': 380000, 'date': '2025-06-30T14:35:11.845887'}]",4 pièces
2025-06-30T14:35:58.156213,tecnocasa.tn,json,monastir,appartement,Monastir,Appartement,active,55288,S+2 en vente,"Monastir, Rue tabeka 2 - Skanes",https://www.tecnocasa.tn/vendre/appartement/monastir/monastir/55288.html,430 000 DT,,134 m²,,False,False,False,tn,estate,430000.0,,134.0,,moca3,,1,https://cdn-media.medialabtc.it/tn/agencies/moca3/estates/55288/images/292222/card.jpeg,f7cc8e23cdebf58d,"Monastir, Rue tabeka 2 - Skanes",f7cc8e23cdebf58d,2-03cad5a7b79d2e254c8f95c73f9ce0ee,2025-06-30T14:36:02.010172,2025-06-30T14:35:11.850932,"[{'price': 430000, 'date': '2025-06-30T14:35:11.850941'}]",2 pièces
2025-06-30T14:35:58.156225,tecnocasa.tn,json,monastir,appartement,Monastir,Appartement,active,53399,S+2 en vente,Monastir - Cité El Agba,https://www.tecnocasa.tn/vendre/appartement/monastir/monastir/53399.html,297 000 DT,,84 m²,,False,False,False,tn,estate,297000.0,,84.0,,moca2,,1,https://cdn-media.medialabtc.it/tn/agencies/moca2/estates/53399/images/291521/card.jpeg,4e3ada7507cef4db,Monastir - Cité El Agba,4e3ada7507cef4db,2-02196c45cef897c80b8e5394dbcd0a8f,2025-06-30T14:36:02.015468,2025-06-30T14:35:11.855873,"[{'price': 297000, 'date': '2025-06-30T14:35:11.855882'}]",3 pièces
2025-06-30T14:35:58.156234,tecnocasa.tn,json,monastir,appartement,Monastir,Appartement,active,54749,S+3 en vente,"Sahline, Rue Sahline",https://www.tecnocasa.tn/vendre/appartement/monastir/sahline/54749.html,390 000 DT,,150 m²,,False,False,False,tn,estate,390000.0,,150.0,,moca4,,1,https://cdn-media.medialabtc.it/tn/agencies/moca4/estates/54749/images/291380/card.jpeg,872e882107cbc484,"Sahline, Rue Sahline",872e882107cbc484,2-aaa0eaf45ad033ab33829ac4162eb6bc,2025-06-30T14:36:02.023316,2025-06-30T14:35:11.861127,"[{'price': 390000, 'date': '2025-06-30T14:35:11.861135'}]",4 pièces
2025-06-30T14:35:58.156242,tecnocasa.tn,json,monastir,appartement,Monastir,Appartement,active,51552,S+2 en vente,"Bekalta, Rue Baghdedi",https://www.tecnocasa.tn/vendre/appartement/monastir/bekalta/51552.html,340 000 DT,365 000 DT,126 m²,25 000 DT,True,False,False,tn,estate,340000.0,365000.0,126.0,25000.0,moca9,,1,https://cdn-media.medialabtc.it/tn/agencies/moca9/estates/51552/images/258626/card.jpeg,c27adbf14458c1ac,"Bekalta, Rue Baghdedi",c27adbf14458c1ac,2-a30e446a33846eced3daf0edf6734847,2025-06-30T14:36:02.029609,2025-06-30T14:35:11.866079,"[{'price': 340000, 'date': '2025-06-30T14:35:11.866086'}]",2 pièces
2025-06-30T14:35:58.156254,tecnocasa.tn,json,monastir,appartement,Monastir,Appartement,active,55174,S+2 en vente,"Monastir, Rue frina - Frina",https://www.tecnocasa.tn/vendre/appartement/monastir/monastir/55174.html,140 000 DT,,85 m²,,False,False,False,tn,estate,140000.0,,85.0,,moca6,,1,https://cdn-media.medialabtc.it/tn/agencies/moca6/estates/55174/images/289757/card.jpeg,8369c417a3872ede,"Monastir, Rue frina - Frina",8369c417a3872ede,2-8944e1aa4d6273612575a6fccb68e903,2025-06-30T14:36:02.042762,2025-06-30T14:35:11.870911,"[{'price': 140000, 'date': '2025-06-30T14:35:11.870919'}]",3 pièces
2025-06-30T14:35:58.156261,tecnocasa.tn,json,monastir,appartement,Monastir,Appartement,active,55137,S+2 en vente,"Monastir, Rue Tarek Ibn Zied Ksibet EL Mediouni - Ksibet El Mediouni",https://www.tecnocasa.tn/vendre/appartement/monastir/monastir/55137.html,830 000 DT,,98 m²,,False,False,False,tn,estate,830000.0,,98.0,,moca6,,1,https://cdn-media.medialabtc.it/tn/agencies/moca6/estates/55137/images/289184/card.jpeg,3376adda40a74800,"Monastir, Rue Tarek Ibn Zied Ksibet EL Mediouni - Ksibet El Mediouni",3376adda40a74800,2-bfc97dc597af014afafc4b49efcf2174,2025-06-30T14:36:02.049898,2025-06-30T14:35:11.875584,"[{'price': 830000, 'date': '2025-06-30T14:35:11.875592'}]",3 pièces
2025-06-30T14:35:58.156269,tecnocasa.tn,json,monastir,appartement,Monastir,Appartement,active,55102,S+2 en vente,"Teboulba, Rue fadhline",https://www.tecnocasa.tn/vendre/appartement/monastir/teboulba/55102.html,110 000 DT,,104 m²,,False,False,False,tn,estate,110000.0,,104.0,,moca8,,1,https://cdn-media.medialabtc.it/tn/agencies/moca8/estates/55102/images/288637/card.jpeg,770ea2fc02b41167,"Teboulba, Rue fadhline",770ea2fc02b41167,2-69e485d88362e3aa566fc7082e5a53ff,2025-06-30T14:36:02.064231,2025-06-30T14:35:11.880075,"[{'price': 110000, 'date': '2025-06-30T14:35:11.880084'}]",2 pièces
2025-06-30T14:35:58.156278,tecnocasa.tn,json,monastir,appartement,Monastir,Appartement,active,53572,S+2 en vente,"Monastir, Rue d'hyppe - Frina",https://www.tecnocasa.tn/vendre/appartement/monastir/monastir/53572.html,100 000 DT,105 000 DT,93 m²,5 000 DT,True,False,False,tn,estate,100000.0,105000.0,93.0,5000.0,moca6,,1,https://cdn-media.medialabtc.it/tn/agencies/moca6/estates/53572/images/274556/card.jpeg,0ef1e78f4def6632,"Monastir, Rue d'hyppe - Frina",0ef1e78f4def6632,2-4fcaa6794b3fa5bbe9a1702c39609347,2025-06-30T14:36:02.069018,2025-06-30T14:35:11.885731,"[{'price': 100000, 'date': '2025-06-30T14:35:11.885741'}]",2 pièces
2025-06-30T14:35:58.156289,tecnocasa.tn,json,monastir,appartement,Monastir,Appartement,active,48760,S+2 en vente,"Monastir, Rue Khniss - Frina",https://www.tecnocasa.tn/vendre/appartement/monastir/monastir/48760.html,128 000 DT,148 000 DT,69 m²,20 000 DT,True,False,False,tn,estate,128000.0,148000.0,69.0,20000.0,moca6,,1,https://cdn-media.medialabtc.it/tn/agencies/moca6/estates/48760/images/231944/card.jpeg,ad52f8cf02d852e9,"Monastir, Rue Khniss - Frina",ad52f8cf02d852e9,2-7004bc4b208512b3c77d4e2991e91d91,2025-06-30T14:36:02.074084,2025-06-30T14:35:11.890675,"[{'price': 128000, 'date': '2025-06-30T14:35:11.890683'}]",3 pièces
